{
    "model_name": "DenseNet121",
    "training_history": {
        "accuracy": [
            0.2813067138195038,
            0.31578946113586426,
            0.40925589203834534,
            0.4655172526836395,
            0.4482758641242981,
            0.5190562605857849,
            0.5045372247695923,
            0.515426516532898,
            0.5571687817573547,
            0.5353901982307434,
            0.5635208487510681,
            0.5644283294677734,
            0.5580762028694153,
            0.5526315569877625,
            0.565335750579834,
            0.5435571670532227,
            0.5907440781593323,
            0.5843920111656189,
            0.5880217552185059,
            0.5644283294677734,
            0.594373881816864,
            0.5889292359352112,
            0.5626134276390076,
            0.5871143341064453,
            0.5798547863960266,
            0.6197822093963623,
            0.5961887240409851,
            0.5952813029289246,
            0.5961887240409851,
            0.6107078194618225,
            0.5771324634552002,
            0.5898366570472717,
            0.5989110469818115,
            0.6215971112251282,
            0.6070780158042908,
            0.5871143341064453,
            0.5952813029289246,
            0.6098003387451172,
            0.6043556928634644,
            0.6116152405738831,
            0.5961887240409851,
            0.5970962047576904,
            0.6170598864555359,
            0.5952813029289246,
            0.598003625869751,
            0.5989110469818115,
            0.6061705946922302,
            0.598003625869751,
            0.6052631735801697,
            0.5898366570472717
        ],
        "loss": [
            1.8445295095443726,
            1.5825117826461792,
            1.3342325687408447,
            1.2001006603240967,
            1.245252251625061,
            1.1520073413848877,
            1.1367117166519165,
            1.1053744554519653,
            1.0502954721450806,
            1.0575217008590698,
            1.046079158782959,
            1.0098880529403687,
            1.0332821607589722,
            1.0202633142471313,
            1.0081031322479248,
            1.0637279748916626,
            0.9837819337844849,
            0.9879279136657715,
            0.9762494564056396,
            0.9855157136917114,
            0.9772840738296509,
            0.9681159257888794,
            0.9960391521453857,
            0.9763312935829163,
            0.9631805419921875,
            0.931885302066803,
            0.9395808577537537,
            0.9424220323562622,
            0.9682859778404236,
            0.9269084930419922,
            0.9446674585342407,
            0.9565799832344055,
            0.9466667771339417,
            0.9189268350601196,
            0.9473991990089417,
            0.9488507509231567,
            0.9289994835853577,
            0.9556179046630859,
            0.9487935900688171,
            0.9290159940719604,
            0.9371193647384644,
            0.9406117796897888,
            0.9424054026603699,
            0.9236306548118591,
            0.9299386143684387,
            0.9315457940101624,
            0.9392542839050293,
            0.9375625848770142,
            0.9333894848823547,
            0.9363858699798584
        ],
        "val_accuracy": [
            0.4462025463581085,
            0.5284810066223145,
            0.5189873576164246,
            0.5379746556282043,
            0.5854430198669434,
            0.5601266026496887,
            0.6202531456947327,
            0.607594907283783,
            0.5981012582778931,
            0.6170886158943176,
            0.594936728477478,
            0.6392405033111572,
            0.5759493708610535,
            0.6139240264892578,
            0.5791139006614685,
            0.6613923907279968,
            0.6613923907279968,
            0.6202531456947327,
            0.6297468543052673,
            0.642405092716217,
            0.6360759735107422,
            0.6170886158943176,
            0.6107594966888428,
            0.642405092716217,
            0.6677215099334717,
            0.6455696225166321,
            0.655063271522522,
            0.6613923907279968,
            0.6677215099334717,
            0.6613923907279968,
            0.6677215099334717,
            0.6772152185440063,
            0.6613923907279968,
            0.655063271522522,
            0.6708860993385315,
            0.6582278609275818,
            0.6613923907279968,
            0.6582278609275818,
            0.5854430198669434,
            0.642405092716217,
            0.6518987417221069,
            0.6772152185440063,
            0.6487341523170471,
            0.6645569801330566,
            0.6867088675498962,
            0.6329113841056824,
            0.6582278609275818,
            0.655063271522522,
            0.6708860993385315,
            0.6645569801330566
        ],
        "val_loss": [
            1.27362859249115,
            1.1725080013275146,
            1.1089445352554321,
            1.0819382667541504,
            1.03561270236969,
            1.0218857526779175,
            0.9806979894638062,
            0.9895754456520081,
            0.9776173830032349,
            0.9865342974662781,
            0.9552525281906128,
            0.947806715965271,
            1.044683575630188,
            0.9639265537261963,
            0.9613269567489624,
            0.9069533348083496,
            0.8920917510986328,
            0.938998281955719,
            0.8873788118362427,
            0.9132413268089294,
            0.8945684432983398,
            0.8987644910812378,
            0.927760660648346,
            0.8808573484420776,
            0.8530078530311584,
            0.8774355053901672,
            0.8600741028785706,
            0.8499802350997925,
            0.8501549363136292,
            0.848883330821991,
            0.8604472875595093,
            0.8483607769012451,
            0.8523011207580566,
            0.8541634678840637,
            0.847449779510498,
            0.8531079888343811,
            0.8593944907188416,
            0.8450599312782288,
            0.9684848189353943,
            0.8432324528694153,
            0.8442507386207581,
            0.8333662152290344,
            0.8486373424530029,
            0.8338603973388672,
            0.8205130100250244,
            0.869985818862915,
            0.8439946174621582,
            0.8159450888633728,
            0.8286922574043274,
            0.8152776956558228
        ],