{
    "model_name": "EfficientNetB0",
    "training_history": {
        "accuracy": [
            0.25499093532562256,
            0.24137930572032928,
            0.2441016286611557,
            0.2531760334968567,
            0.2531760334968567,
            0.2250453680753708,
            0.2513611614704132,
            0.22595281898975372,
            0.27404719591140747,
            0.23593465983867645,
            0.25499093532562256,
            0.257713258266449,
            0.257713258266449,
            0.26406532526016235,
            0.2277676910161972,
            0.21687839925289154
        ],
        "loss": [
            1.4311516284942627,
            1.4321200847625732,
            1.4181067943572998,
            1.4328721761703491,
            1.4294979572296143,
            1.4330840110778809,
            1.4146595001220703,
            1.4337007999420166,
            1.4126832485198975,
            1.4296714067459106,
            1.4104328155517578,
            1.414115071296692,
            1.4158999919891357,
            1.411069393157959,
            1.4207888841629028,
            1.4236150979995728
        ],
        "val_accuracy": [
            0.2531645596027374,
            0.2531645596027374,
            0.2531645596027374,
            0.2531645596027374,
            0.2531645596027374,
            0.2531645596027374,
            0.2405063360929489,
            0.2531645596027374,
            0.2531645596027374,
            0.2531645596027374,
            0.2531645596027374,
            0.2531645596027374,
            0.2531645596027374,
            0.2531645596027374,
            0.2531645596027374,
            0.2531645596027374
        ],
        "val_loss": [
            1.4099018573760986,
            1.401311993598938,
            1.4273351430892944,
            1.3918555974960327,
            1.4070407152175903,
            1.3873631954193115,
            1.4072024822235107,
            1.3951689004898071,
            1.3979136943817139,
            1.3930552005767822,
            1.408861517906189,
            1.3937886953353882,
            1.3992758989334106,
            1.395566463470459,
            1.3931713104248047,
            1.39246666431427
        ],
        "learning_rate": [
            0.0010000000474974513,
            0.0010000000474974513,
            0.0010000000474974513,
            0.0010000000474974513,
            0.0010000000474974513,
            0.0010000000474974513,
            0.0010000000474974513,
            0.0010000000474974513,
            0.0010000000474974513,
            0.0010000000474974513,
            0.0010000000474974513,
            0.0005000000237487257,
            0.0005000000237487257,
            0.0005000000237487257,
            0.0005000000237487257,
            0.0005000000237487257
        ]
    },
    "evaluation_metrics": {
        "model_name": "EfficientNetB0",
        "test_accuracy": 0.25316455696202533,
        "classification_report_dict": {
            "ModerateDemented": {
                "precision": 0.0,
                "recall": 0.0,
                "f1-score": 0.0,
                "support": 38
            },
            "NonDemented (2)": {
                "precision": 0.0,
                "recall": 0.0,
                "f1-score": 0.0,
                "support": 40
            },
            "VeryMildDemented": {
                "precision": 0.25316455696202533,
                "recall": 1.0,
                "f1-score": 0.4040404040404041,
                "support": 40
            },
            "MildDemented": {
                "precision": 0.0,
                "recall": 0.0,
                "f1-score": 0.0,
                "support": 40
            },
            "accuracy": 0.25316455696202533,
            "macro avg": {
                "precision": 0.06329113924050633,
                "recall": 0.25,
                "f1-score": 0.10101010101010102,
                "support": 158
            },
            "weighted avg": {
                "precision": 0.06409229290177856,
                "recall": 0.25316455696202533,
                "f1-score": 0.1022887098836466,
                "support": 158
            }
        },
        "classification_report_str": "                  precision    recall  f1-score   support\n\nModerateDemented       0.00      0.00      0.00        38\n NonDemented (2)       0.00      0.00      0.00        40\nVeryMildDemented       0.25      1.00      0.40        40\n    MildDemented       0.00      0.00      0.00        40\n\n        accuracy                           0.25       158\n       macro avg       0.06      0.25      0.10       158\n    weighted avg       0.06      0.25      0.10       158\n",
        "confusion_matrix": [
            [
                0,
                0,
                38,
                0
            ],
            [
                0,
                0,
                40,
                0
            ],
            [
                0,
                0,
                40,
                0
            ],
            [
                0,
                0,
                40,
                0
            ]
        ],
        "class_names": [
            "ModerateDemented",
            "NonDemented (2)",
            "VeryMildDemented",
            "MildDemented"
        ],
        "num_test_samples": 158,