{
    "model_name": "DenseNet201",
    "training_history": {
        "accuracy": [
            0.2767695188522339,
            0.39292195439338684,
            0.4863883852958679,
            0.5353901982307434,
            0.5635208487510681,
            0.5961887240409851,
            0.5880217552185059,
            0.6098003387451172,
            0.627041757106781,
            0.6116152405738831,
            0.6361161470413208,
            0.6488203406333923,
            0.6442831158638,
            0.6488203406333923,
            0.6352087259292603,
            0.6433756947517395,
            0.630671501159668,
            0.6588021516799927,
            0.6615244746208191,
            0.6778584122657776,
            0.6678766012191772,
            0.6742286682128906,
            0.6433756947517395,
            0.6615244746208191,
            0.6624319553375244,
            0.6669691205024719,
            0.6733212471008301,
            0.647912859916687,
            0.6606170535087585,
            0.6914700269699097,
            0.6932849287986755,
            0.6878402829170227,
            0.6941923499107361,
            0.6878402829170227,
            0.6905626058578491,
            0.6978221535682678,
            0.6978221535682678,
            0.6996369957923889,
            0.7041742205619812,
            0.7014518976211548,
            0.692377507686615,
            0.6969146728515625,
            0.6842105388641357,
            0.7041742205619812,
            0.6869328618049622,
            0.7050816416740417,
            0.6996369957923889,
            0.6969146728515625,
            0.7068965435028076,
            0.709618866443634
        ],
        "loss": [
            1.7588943243026733,
            1.380653977394104,
            1.1781666278839111,
            1.0918337106704712,
            1.0262550115585327,
            0.9792587757110596,
            0.9870360493659973,
            0.939902663230896,
            0.9032727479934692,
            0.9110400080680847,
            0.882045567035675,
            0.8606886267662048,
            0.8401713371276855,
            0.8567629456520081,
            0.8469049334526062,
            0.835277795791626,
            0.8437926173210144,
            0.8438892960548401,
            0.8174430131912231,
            0.8177744746208191,
            0.8081867694854736,
            0.7909056544303894,
            0.8189258575439453,
            0.8138394355773926,
            0.7857875227928162,
            0.7681973576545715,
            0.7808645367622375,
            0.8181310296058655,
            0.8191735744476318,
            0.7846435308456421,
            0.7462388873100281,
            0.7760644555091858,
            0.7512531876564026,
            0.7761761546134949,
            0.7569831609725952,
            0.746517539024353,
            0.7414538264274597,
            0.7303242087364197,
            0.7272451519966125,
            0.7421481609344482,
            0.7419850826263428,
            0.7409786581993103,
            0.7227121591567993,
            0.7257522344589233,
            0.7368522882461548,
            0.7141648530960083,
            0.7335736155509949,
            0.7336476445198059,
            0.7045413255691528,
            0.7277252078056335
        ],
        "val_accuracy": [
            0.40506330132484436,
            0.5443037748336792,
            0.607594907283783,
            0.5981012582778931,
            0.6360759735107422,
            0.6170886158943176,
            0.6740506291389465,
            0.6107594966888428,
            0.6455696225166321,
            0.6107594966888428,
            0.6582278609275818,
            0.655063271522522,
            0.5727847814559937,
            0.6740506291389465,
            0.607594907283783,
            0.6645569801330566,
            0.6898733973503113,
            0.6867088675498962,
            0.6930379867553711,
            0.699367105960846,
            0.6835442781448364,
            0.7183544039726257,
            0.6613923907279968,
            0.6265822649002075,
            0.6962025165557861,
            0.7183544039726257,
            0.6867088675498962,
            0.6930379867553711,
            0.702531635761261,
            0.6930379867553711,
            0.6867088675498962,
            0.7151898741722107,
            0.699367105960846,
            0.6740506291389465,
            0.655063271522522,
            0.6930379867553711,
            0.6835442781448364,
            0.699367105960846,
            0.6867088675498962,
            0.7056962251663208,
            0.6962025165557861,
            0.6962025165557861,
            0.699367105960846,
            0.702531635761261,
            0.6898733973503113,
            0.7120253443717957,
            0.6962025165557861,
            0.7088607549667358,
            0.7183544039726257,
            0.6898733973503113
        ],
        "val_loss": [
            1.2245923280715942,
            1.096946358680725,
            1.021090030670166,
            0.9629018306732178,
            0.9230390191078186,
            0.9212556481361389,
            0.9097090363502502,
            0.8979717493057251,
            0.883015513420105,
            0.8863693475723267,
            0.8381520509719849,
            0.8303825259208679,
            0.9234068393707275,
            0.8345350623130798,
            0.8611885905265808,
            0.8271881341934204,
            0.7991894483566284,
            0.7940072417259216,
            0.7840697765350342,
            0.7774636745452881,
            0.7776623368263245,
            0.7696493268013,
            0.8118396997451782,
            0.8240113258361816,
            0.7727533578872681,
            0.75364089012146,
            0.7756264805793762,
            0.7837169170379639,
            0.7518048882484436,
            0.776181697845459,
            0.7729842662811279,
            0.7502531409263611,
            0.7567346096038818,
            0.7875259518623352,
            0.776871919631958,
            0.7701107263565063,
            0.7573550939559937,
            0.742085874080658,
            0.7652576565742493,
            0.7360393404960632,
            0.7470514178276062,
            0.744724452495575,
            0.7382195591926575,
            0.7441307306289673,
            0.746334433555603,
            0.7366230487823486,
            0.7312372922897339,
            0.7355462312698364,
            0.7341991066932678,
            0.735619843006134
        ],