{
    "model_name": "NASNetLarge",
    "training_history": {
        "accuracy": [
            0.3357531726360321,
            0.45190563797950745,
            0.5807622671127319,
            0.5671506524085999,
            0.5916515588760376,
            0.6098003387451172,
            0.6333938241004944,
            0.6588021516799927,
            0.6624319553375244,
            0.663339376449585,
            0.6733212471008301,
            0.6851179599761963,
            0.7068965435028076,
            0.680580735206604,
            0.7087114453315735,
            0.7323048710823059,
            0.709618866443634,
            0.6851179599761963,
            0.742286741733551,
            0.7477313876152039,
            0.7350271940231323,
            0.7304900288581848,
            0.7386569976806641,
            0.7504537105560303,
            0.7377495169639587,
            0.7522686123847961,
            0.7686025500297546,
            0.7586206793785095,
            0.7722322940826416,
            0.7785844206809998,
            0.7940108776092529,
            0.7912885546684265,
            0.7858439087867737,
            0.7849364876747131,
            0.7549909353256226,
            0.7976406812667847,
            0.7940108776092529,
            0.7958257794380188,
            0.8012704253196716,
            0.7767695188522339,
            0.7958257794380188,
            0.803992748260498,
            0.7921960353851318,
            0.803992748260498,
            0.7894737124443054,
            0.8248639106750488,
            0.8157894611358643,
            0.807622492313385,
            0.8067150712013245,
            0.8203266859054565
        ],
        "loss": [
            1.4315003156661987,
            1.2027016878128052,
            1.048630952835083,
            1.0026994943618774,
            0.969280481338501,
            0.9317759871482849,
            0.8860901594161987,
            0.8540971279144287,
            0.8139438033103943,
            0.8039578199386597,
            0.8024778366088867,
            0.7802244424819946,
            0.7163994312286377,
            0.7543784379959106,
            0.7191898226737976,
            0.7204583287239075,
            0.6954506039619446,
            0.7560931444168091,
            0.6638470888137817,
            0.6609242558479309,
            0.6682664752006531,
            0.6507121324539185,
            0.6453496217727661,
            0.6356388926506042,
            0.6447619795799255,
            0.6237980127334595,
            0.603941023349762,
            0.6320940852165222,
            0.6204726099967957,
            0.5815902948379517,
            0.5544608235359192,
            0.552676260471344,
            0.566218376159668,
            0.5597979426383972,
            0.5912379622459412,
            0.5443844795227051,
            0.5545769333839417,
            0.5547066330909729,
            0.5251137614250183,
            0.5543462634086609,
            0.5380458831787109,
            0.5201756358146667,
            0.5291091203689575,
            0.5006905198097229,
            0.5376001000404358,
            0.5024003386497498,
            0.4974329173564911,
            0.5015538930892944,
            0.5365011096000671,
            0.5103275179862976
        ],
        "val_accuracy": [
            0.49367088079452515,
            0.5727847814559937,
            0.5854430198669434,
            0.594936728477478,
            0.6170886158943176,
            0.6170886158943176,
            0.6360759735107422,
            0.594936728477478,
            0.6265822649002075,
            0.5822784900665283,
            0.6360759735107422,
            0.6234177350997925,
            0.6202531456947327,
            0.6455696225166321,
            0.6044303774833679,
            0.6487341523170471,
            0.6392405033111572,
            0.6329113841056824,
            0.6392405033111572,
            0.6582278609275818,
            0.6297468543052673,
            0.6297468543052673,
            0.6139240264892578,
            0.6265822649002075,
            0.6677215099334717,
            0.6677215099334717,
            0.6518987417221069,
            0.6740506291389465,
            0.6455696225166321,
            0.6582278609275818,
            0.6582278609275818,
            0.6740506291389465,
            0.6677215099334717,
            0.6835442781448364,
            0.6613923907279968,
            0.6708860993385315,
            0.6455696225166321,
            0.6455696225166321,
            0.6677215099334717,
            0.6772152185440063,
            0.6772152185440063,
            0.6708860993385315,
            0.6645569801330566,
            0.6772152185440063,
            0.6803797483444214,
            0.6898733973503113,
            0.6582278609275818,
            0.6867088675498962,
            0.6708860993385315,
            0.6740506291389465
        ],
        "val_loss": [
            1.1901085376739502,
            1.0952184200286865,
            1.0239665508270264,
            0.9932618141174316,
            0.9591647982597351,
            0.983070969581604,
            0.9663321375846863,
            0.9242613315582275,
            0.9157578945159912,
            0.997279703617096,
            0.8888037204742432,
            0.88602614402771,
            0.9649203419685364,
            0.9123098850250244,
            0.8819823265075684,
            0.8917111754417419,
            0.8979686498641968,
            0.8616256713867188,
            0.8520786166191101,
            0.8498757481575012,
            0.8739043474197388,
            0.8665668964385986,
            0.9089401960372925,
            0.9276502728462219,
            0.8170953989028931,
            0.81893390417099,
            0.8499574065208435,
            0.8465813994407654,
            0.840974748134613,
            0.8383346796035767,
            0.8455084562301636,
            0.8209109902381897,
            0.8234022855758667,
            0.8199387788772583,
            0.8165001273155212,
            0.8295595049858093,
            0.8497247695922852,
            0.857725203037262,
            0.8554271459579468,
            0.8168789148330688,
            0.8096165657043457,
            0.8140770792961121,
            0.817520260810852,
            0.814644455909729,
            0.8147428631782532,
            0.8132203221321106,
            0.8193759322166443,
            0.8121593594551086,
            0.8110697269439697,
            0.8088691234588623
        ],