{
    "model_name": "ResNet50",
    "training_history": {
        "accuracy": [
            0.2558983564376831,
            0.26225045323371887,
            0.2794918417930603,
            0.29945552349090576,
            0.31578946113586426,
            0.30671507120132446,
            0.3166969120502472,
            0.3339383006095886,
            0.3339383006095886,
            0.34573501348495483,
            0.3384754955768585,
            0.3375680446624756,
            0.3384754955768585,
            0.3493647873401642,
            0.3239564299583435,
            0.3221415579319,
            0.3611615300178528,
            0.3493647873401642,
            0.3502722382545471,
            0.340290367603302,
            0.34210526943206787,
            0.3684210479259491,
            0.37205082178115845,
            0.3502722382545471,
            0.3502722382545471,
            0.3638838529586792,
            0.3802177906036377,
            0.37931033968925476,
            0.38384756445884705,
            0.37477314472198486,
            0.3974591791629791,
            0.38656988739967346,
            0.38112524151802063,
            0.3983666002750397,
            0.3938294053077698,
            0.3784029185771942,
            0.3992740511894226,
            0.40290382504463196,
            0.4010889232158661,
            0.42377495765686035,
            0.3974591791629791,
            0.3983666002750397,
            0.38838475942611694,
            0.39110708236694336,
            0.3947368562221527,
            0.3992740511894226,
            0.4038112461566925,
            0.4056261479854584,
            0.401996374130249,
            0.3965517282485962
        ],
        "loss": [
            1.618585228919983,
            1.4814237356185913,
            1.4134750366210938,
            1.3859167098999023,
            1.3748213052749634,
            1.3804088830947876,
            1.3648673295974731,
            1.3553797006607056,
            1.355713963508606,
            1.3380488157272339,
            1.3562051057815552,
            1.3379791975021362,
            1.3400990962982178,
            1.3593931198120117,
            1.3558893203735352,
            1.3518701791763306,
            1.3342043161392212,
            1.3373732566833496,
            1.337963342666626,
            1.320834994316101,
            1.3396296501159668,
            1.3060541152954102,
            1.3233351707458496,
            1.3212133646011353,
            1.3109245300292969,
            1.3114266395568848,
            1.30134117603302,
            1.3059207201004028,
            1.3080623149871826,
            1.3039653301239014,
            1.300891637802124,
            1.3000013828277588,
            1.3035118579864502,
            1.3004568815231323,
            1.300830364227295,
            1.3033779859542847,
            1.2890572547912598,
            1.2952632904052734,
            1.295103907585144,
            1.2768054008483887,
            1.2877742052078247,
            1.2977272272109985,
            1.2938926219940186,
            1.2902175188064575,
            1.2819362878799438,
            1.2838008403778076,
            1.2916762828826904,
            1.2860232591629028,
            1.2886830568313599,
            1.287482500076294
        ],
        "val_accuracy": [
            0.3386076092720032,
            0.275316447019577,
            0.3322784900665283,
            0.31329113245010376,
            0.32278481125831604,
            0.27848100662231445,
            0.37974682450294495,
            0.32594937086105347,
            0.32278481125831604,
            0.3196202516555786,
            0.35759493708610535,
            0.3639240562915802,
            0.37025317549705505,
            0.3164556920528412,
            0.32278481125831604,
            0.3544303774833679,
            0.3512658178806305,
            0.4082278609275818,
            0.34810125827789307,
            0.31012657284736633,
            0.3417721390724182,
            0.37025317549705505,
            0.4177215099334717,
            0.3829113841056824,
            0.4208860695362091,
            0.4177215099334717,
            0.42721518874168396,
            0.3512658178806305,
            0.40189874172210693,
            0.4113923907279968,
            0.43670886754989624,
            0.3765822649002075,
            0.3892405033111572,
            0.35759493708610535,
            0.3987341821193695,
            0.42721518874168396,
            0.40189874172210693,
            0.4303797483444214,
            0.4430379867553711,
            0.40506330132484436,
            0.4335443079471588,
            0.42405062913894653,
            0.35759493708610535,
            0.43987342715263367,
            0.4303797483444214,
            0.4082278609275818,
            0.4082278609275818,
            0.42721518874168396,
            0.42721518874168396,
            0.4335443079471588
        ],
        "val_loss": [
            1.3751399517059326,
            1.3627763986587524,
            1.3529613018035889,
            1.3699519634246826,
            1.3402132987976074,
            1.3450462818145752,
            1.3339844942092896,
            1.3318418264389038,
            1.345531940460205,
            1.3345974683761597,
            1.3231557607650757,
            1.3271971940994263,
            1.3719104528427124,
            1.3553783893585205,
            1.328858494758606,
            1.3221123218536377,
            1.3192219734191895,
            1.308115839958191,
            1.3103638887405396,
            1.349077582359314,
            1.3170040845870972,
            1.3206113576889038,
            1.3133677244186401,
            1.3051228523254395,
            1.2962805032730103,
            1.2962265014648438,
            1.2939304113388062,
            1.2986584901809692,
            1.2925416231155396,
            1.2900649309158325,
            1.297245979309082,
            1.293224811553955,
            1.2939536571502686,
            1.2957797050476074,
            1.2936242818832397,
            1.2858467102050781,
            1.2875770330429077,
            1.2862807512283325,
            1.284631609916687,
            1.2907919883728027,
            1.284961223602295,
            1.2858163118362427,
            1.2866721153259277,
            1.2832374572753906,
            1.2823152542114258,
            1.281082034111023,
            1.2822619676589966,
            1.2865556478500366,
            1.282191276550293,
            1.281392216682434
        ],