{
    "model_name": "VGG16",
    "training_history": {
        "accuracy": [
            0.27404719591140747,
            0.2504537105560303,
            0.31125226616859436,
            0.3139745891094208,
            0.33484572172164917,
            0.372958242893219,
            0.3947368562221527,
            0.4038112461566925,
            0.38112524151802063,
            0.4274047315120697,
            0.44192376732826233,
            0.4292196035385132,
            0.43738657236099243,
            0.4364791214466095,
            0.4464609920978546,
            0.4537205100059509,
            0.4573502838611603,
            0.4736842215061188,
            0.4809437394142151,
            0.4718693196773529,
            0.47731396555900574,
            0.4700544476509094,
            0.481851190328598,
            0.47549909353256226,
            0.4972776770591736,
            0.5090743899345398,
            0.4836660623550415,
            0.48003628849983215,
            0.5,
            0.485480934381485,
            0.5163339376449585,
            0.5163339376449585,
            0.49364790320396423,
            0.5027223229408264,
            0.5245009064674377,
            0.5099818706512451,
            0.515426516532898,
            0.5217785835266113,
            0.5081669688224792,
            0.5381125211715698,
            0.5163339376449585,
            0.5063520669937134,
            0.4972776770591736,
            0.5090743899345398,
            0.5208711624145508,
            0.5226860046386719,
            0.5526315569877625,
            0.5317604541778564,
            0.5272232294082642,
            0.5372051000595093
        ],
        "loss": [
            1.5146080255508423,
            1.4463989734649658,
            1.3827307224273682,
            1.3715420961380005,
            1.3561315536499023,
            1.317434310913086,
            1.3093814849853516,
            1.3042067289352417,
            1.2965105772018433,
            1.273403525352478,
            1.250300407409668,
            1.2409507036209106,
            1.246488332748413,
            1.2425923347473145,
            1.2359362840652466,
            1.235507607460022,
            1.2217234373092651,
            1.2014051675796509,
            1.1958175897598267,
            1.206587314605713,
            1.2031452655792236,
            1.1931360960006714,
            1.1878960132598877,
            1.1754473447799683,
            1.1839884519577026,
            1.1604642868041992,
            1.1814769506454468,
            1.171207308769226,
            1.160024881362915,
            1.1557132005691528,
            1.1428346633911133,
            1.147558569908142,
            1.1584103107452393,
            1.1403800249099731,
            1.130381464958191,
            1.1411688327789307,
            1.1279680728912354,
            1.1293412446975708,
            1.1343812942504883,
            1.1181843280792236,
            1.1296547651290894,
            1.129321813583374,
            1.1325243711471558,
            1.1297818422317505,
            1.1064581871032715,
            1.105433702468872,
            1.0890203714370728,
            1.0957945585250854,
            1.1048216819763184,
            1.1129151582717896
        ],
        "val_accuracy": [
            0.25,
            0.3829113841056824,
            0.3639240562915802,
            0.37025317549705505,
            0.32594937086105347,
            0.4651898741722107,
            0.4462025463581085,
            0.4873417615890503,
            0.44936707615852356,
            0.4810126721858978,
            0.5284810066223145,
            0.5632911324501038,
            0.4651898741722107,
            0.5284810066223145,
            0.5253164768218994,
            0.5411392450332642,
            0.5348101258277893,
            0.5537974834442139,
            0.5569620132446289,
            0.5189873576164246,
            0.5632911324501038,
            0.49367088079452515,
            0.5569620132446289,
            0.5569620132446289,
            0.5601266026496887,
            0.5696202516555786,
            0.5822784900665283,
            0.5537974834442139,
            0.5854430198669434,
            0.5537974834442139,
            0.547468364238739,
            0.5822784900665283,
            0.5727847814559937,
            0.5917721390724182,
            0.5696202516555786,
            0.5854430198669434,
            0.6012658476829529,
            0.5917721390724182,
            0.5601266026496887,
            0.5696202516555786,
            0.6012658476829529,
            0.5886076092720032,
            0.5822784900665283,
            0.5822784900665283,
            0.5822784900665283,
            0.5727847814559937,
            0.6044303774833679,
            0.5886076092720032,
            0.5727847814559937,
            0.5759493708610535
        ],
        "val_loss": [
            1.3771692514419556,
            1.3525646924972534,
            1.3340699672698975,
            1.322269320487976,
            1.3168622255325317,
            1.2944916486740112,
            1.2834616899490356,
            1.2733569145202637,
            1.2748278379440308,
            1.255536675453186,
            1.2456282377243042,
            1.2400519847869873,
            1.2346224784851074,
            1.2219481468200684,
            1.2141128778457642,
            1.206402063369751,
            1.2008893489837646,
            1.2002350091934204,
            1.1868069171905518,
            1.1851292848587036,
            1.1791146993637085,
            1.178592324256897,
            1.1721539497375488,
            1.1656626462936401,
            1.1592631340026855,
            1.1552705764770508,
            1.1492047309875488,
            1.1497079133987427,
            1.1397473812103271,
            1.1376352310180664,
            1.1363343000411987,
            1.128699779510498,
            1.1289814710617065,
            1.1215572357177734,
            1.1218746900558472,
            1.116420030593872,
            1.115600347518921,
            1.1072301864624023,
            1.1069432497024536,
            1.1102296113967896,
            1.102259874343872,
            1.099213719367981,
            1.097710371017456,
            1.0912927389144897,
            1.0875952243804932,
            1.0858429670333862,
            1.0838184356689453,
            1.0820788145065308,
            1.079547643661499,
            1.0773060321807861
        ],