{
    "model_name": "VGG19",
    "training_history": {
        "accuracy": [
            0.2604355812072754,
            0.26406532526016235,
            0.30580762028694153,
            0.29673320055007935,
            0.31306713819503784,
            0.35299456119537354,
            0.3330308496952057,
            0.3983666002750397,
            0.3974591791629791,
            0.36025407910346985,
            0.38838475942611694,
            0.4174228608608246,
            0.3947368562221527,
            0.4364791214466095,
            0.4292196035385132,
            0.45462796092033386,
            0.4392014443874359,
            0.42558982968330383,
            0.44464609026908875,
            0.48457351326942444,
            0.452813059091568,
            0.481851190328598,
            0.47277677059173584,
            0.44736841320991516,
            0.44464609026908875,
            0.4764065444469452,
            0.48457351326942444,
            0.467332124710083,
            0.4646098017692566,
            0.4927404820919037,
            0.4836660623550415,
            0.485480934381485,
            0.4555353820323944,
            0.47822141647338867,
            0.5054446458816528,
            0.5009074211120605,
            0.45916515588760376,
            0.49001815915107727,
            0.49183303117752075,
            0.5099818706512451,
            0.49001815915107727,
            0.5018149018287659,
            0.48911070823669434,
            0.4954628050327301,
            0.49183303117752075,
            0.5072595477104187,
            0.5090743899345398,
            0.4954628050327301,
            0.5018149018287659,
            0.485480934381485
        ],
        "loss": [
            1.5015560388565063,
            1.4562187194824219,
            1.396379828453064,
            1.383257508277893,
            1.3720471858978271,
            1.3455501794815063,
            1.3498300313949585,
            1.3111985921859741,
            1.3145643472671509,
            1.3054068088531494,
            1.2874587774276733,
            1.2842051982879639,
            1.2852609157562256,
            1.2659506797790527,
            1.2640434503555298,
            1.2534838914871216,
            1.2612491846084595,
            1.248638391494751,
            1.242048978805542,
            1.2242547273635864,
            1.233475685119629,
            1.2127552032470703,
            1.2172375917434692,
            1.226078987121582,
            1.2177516222000122,
            1.2173919677734375,
            1.1952277421951294,
            1.2060760259628296,
            1.1931687593460083,
            1.1964900493621826,
            1.1980931758880615,
            1.1778894662857056,
            1.2035831212997437,
            1.1753268241882324,
            1.1708934307098389,
            1.172033429145813,
            1.1881190538406372,
            1.1693860292434692,
            1.1577104330062866,
            1.1601707935333252,
            1.1828347444534302,
            1.1685731410980225,
            1.1643168926239014,
            1.1588906049728394,
            1.1617861986160278,
            1.1608686447143555,
            1.1481367349624634,
            1.1418341398239136,
            1.1582629680633545,
            1.1497998237609863
        ],
        "val_accuracy": [
            0.2626582384109497,
            0.2721518874168396,
            0.2594936788082123,
            0.29113924503326416,
            0.3607594966888428,
            0.34493669867515564,
            0.3987341821193695,
            0.3829113841056824,
            0.4462025463581085,
            0.43987342715263367,
            0.4556961953639984,
            0.43670886754989624,
            0.47151899337768555,
            0.5158227682113647,
            0.49367088079452515,
            0.474683552980423,
            0.5126582384109497,
            0.5348101258277893,
            0.5316455960273743,
            0.45886075496673584,
            0.5126582384109497,
            0.5158227682113647,
            0.503164529800415,
            0.5569620132446289,
            0.4968354403972626,
            0.5126582384109497,
            0.5379746556282043,
            0.547468364238739,
            0.503164529800415,
            0.4968354403972626,
            0.4810126721858978,
            0.5284810066223145,
            0.5,
            0.5253164768218994,
            0.5189873576164246,
            0.4462025463581085,
            0.5284810066223145,
            0.5443037748336792,
            0.5126582384109497,
            0.4873417615890503,
            0.5759493708610535,
            0.5063291192054749,
            0.5727847814559937,
            0.550632894039154,
            0.5158227682113647,
            0.5601266026496887,
            0.547468364238739,
            0.5791139006614685,
            0.5316455960273743,
            0.503164529800415
        ],
        "val_loss": [
            1.387001633644104,
            1.369278907775879,
            1.3604556322097778,
            1.3485368490219116,
            1.3304848670959473,
            1.319360375404358,
            1.30888032913208,
            1.3102856874465942,
            1.2890609502792358,
            1.2851011753082275,
            1.2778230905532837,
            1.2736281156539917,
            1.2658785581588745,
            1.26008939743042,
            1.249708890914917,
            1.2449979782104492,
            1.2430559396743774,
            1.2329832315444946,
            1.2257771492004395,
            1.2302464246749878,
            1.2205525636672974,
            1.2177128791809082,
            1.2085095643997192,
            1.208229899406433,
            1.2097129821777344,
            1.1963049173355103,
            1.1920658349990845,
            1.1907432079315186,
            1.1856038570404053,
            1.18314528465271,
            1.1869078874588013,
            1.1769334077835083,
            1.1752965450286865,
            1.1719002723693848,
            1.1672643423080444,
            1.1761125326156616,
            1.1629925966262817,
            1.1630357503890991,
            1.1621898412704468,
            1.1679304838180542,
            1.149217963218689,
            1.1513102054595947,
            1.1453661918640137,
            1.144063949584961,
            1.143327236175537,
            1.1384351253509521,
            1.1392252445220947,
            1.1394025087356567,
            1.1333829164505005,
            1.1375337839126587
        ],