{
    "model_name": "ViT-L16-fe-Xception",
    "training_history": {
        "accuracy": [
            0.36025407910346985,
            0.5009074211120605,
            0.5417422652244568,
            0.5780399441719055,
            0.6470054388046265,
            0.6460980176925659,
            0.6660616993904114,
            0.676950991153717,
            0.7023593187332153,
            0.7159709334373474,
            0.7087114453315735,
            0.7087114453315735,
            0.7041742205619812,
            0.6860253810882568,
            0.7150635123252869,
            0.7186932563781738,
            0.7468239665031433,
            0.757713258266449,
            0.7767695188522339,
            0.7912885546684265,
            0.771324872970581,
            0.7831215858459473,
            0.7849364876747131,
            0.8103448152542114,
            0.7985481023788452,
            0.8103448152542114,
            0.7976406812667847,
            0.8221415877342224,
            0.8266787528991699,
            0.8257713317871094,
            0.8502722382545471,
            0.8575317859649658,
            0.869328498840332,
            0.8747731447219849,
            0.8811252117156982,
            0.8911070823669434,
            0.8802177906036377,
            0.8820326924324036,
            0.8865698575973511,
            0.8983666300773621,
            0.8974591493606567,
            0.8965517282485962,
            0.9047186970710754,
            0.9255898594856262,
            0.9183303117752075,
            0.9083484411239624,
            0.9283121824264526,
            0.9292196035385132,
            0.9210526347160339,
            0.931034505367279
        ],
        "loss": [
            2.0222184658050537,
            1.1283684968948364,
            1.003216028213501,
            0.9493169784545898,
            0.8362042307853699,
            0.7941211462020874,
            0.7552703022956848,
            0.7165859341621399,
            0.675816535949707,
            0.6674847602844238,
            0.6554728746414185,
            0.6457833647727966,
            0.6741659641265869,
            0.6633752584457397,
            0.6422151923179626,
            0.6050804257392883,
            0.5698744654655457,
            0.5373114943504333,
            0.5006821751594543,
            0.4733869433403015,
            0.5070048570632935,
            0.4842754602432251,
            0.4896950423717499,
            0.4271067678928375,
            0.46499690413475037,
            0.438685804605484,
            0.44913944602012634,
            0.41782665252685547,
            0.4103147089481354,
            0.420887291431427,
            0.3601093590259552,
            0.33933356404304504,
            0.3219652473926544,
            0.31953924894332886,
            0.2998262345790863,
            0.28375107049942017,
            0.31962206959724426,
            0.29002246260643005,
            0.29367315769195557,
            0.2555794417858124,
            0.2611042261123657,
            0.25387951731681824,
            0.2435106635093689,
            0.21642352640628815,
            0.2143780142068863,
            0.2393626868724823,
            0.20280607044696808,
            0.20307256281375885,
            0.19663165509700775,
            0.2008446902036667
        ],
        "val_accuracy": [
            0.5379746556282043,
            0.594936728477478,
            0.5063291192054749,
            0.5759493708610535,
            0.6487341523170471,
            0.6740506291389465,
            0.699367105960846,
            0.655063271522522,
            0.7246835231781006,
            0.7215189933776855,
            0.6930379867553711,
            0.6835442781448364,
            0.28797468543052673,
            0.2531645596027374,
            0.3955696225166321,
            0.6645569801330566,
            0.7183544039726257,
            0.6487341523170471,
            0.7563291192054749,
            0.7151898741722107,
            0.75,
            0.7278481125831604,
            0.7563291192054749,
            0.7626582384109497,
            0.7626582384109497,
            0.746835470199585,
            0.6645569801330566,
            0.7183544039726257,
            0.6803797483444214,
            0.75,
            0.746835470199585,
            0.7848101258277893,
            0.7816455960273743,
            0.75,
            0.7721518874168396,
            0.7943037748336792,
            0.7816455960273743,
            0.7848101258277893,
            0.7816455960273743,
            0.7879746556282043,
            0.746835470199585,
            0.7816455960273743,
            0.7784810066223145,
            0.7848101258277893,
            0.7943037748336792,
            0.7753164768218994,
            0.7911392450332642,
            0.7879746556282043,
            0.7848101258277893,
            0.7848101258277893
        ],
        "val_loss": [
            1.080912470817566,
            0.9649057388305664,
            0.9762165546417236,
            0.8808416128158569,
            0.7734285593032837,
            0.7540733814239502,
            0.7090179920196533,
            0.7224975228309631,
            0.6659058928489685,
            0.6132520437240601,
            0.7184838056564331,
            0.6678707003593445,
            14.997775077819824,
            67.03639221191406,
            33.71162033081055,
            1.838724970817566,
            0.6239109039306641,
            1.065809965133667,
            0.5814220309257507,
            0.6156191825866699,
            0.5790783166885376,
            0.6242691874504089,
            0.5919110178947449,
            0.5919398069381714,
            0.5679181814193726,
            0.5896778106689453,
            0.870481550693512,
            0.7173117399215698,
            0.9981932044029236,
            0.5863847136497498,
            0.6457045078277588,
            0.548980712890625,
            0.5600699186325073,
            0.6437269449234009,
            0.5860112309455872,
            0.5433828830718994,
            0.602474570274353,
            0.5810716152191162,
            0.6049016118049622,
            0.632485032081604,
            0.7663261294364929,
            0.6220299005508423,
            0.6839181184768677,
            0.6251636743545532,
            0.6222698092460632,
            0.6323723793029785,
            0.659968912601471,
            0.6470692753791809,
            0.6593097448348999,
            0.67137211561203
        ],