{
    "model_name": "ViT-R26-S32-medaug-fe",
    "training_history": {
        "accuracy": [
            0.3502722382545471,
            0.4700544476509094,
            0.5254083275794983,
            0.5607985258102417,
            0.5544464588165283,
            0.6043556928634644,
            0.6315789222717285,
            0.6288565993309021,
            0.6651542782783508,
            0.6488203406333923,
            0.6606170535087585,
            0.676950991153717,
            0.7087114453315735,
            0.6887477040290833,
            0.680580735206604,
            0.6896551847457886,
            0.7123411893844604,
            0.7214155793190002,
            0.7223230600357056,
            0.7114337682723999,
            0.6941923499107361,
            0.7477313876152039,
            0.7168784141540527,
            0.7350271940231323,
            0.7359346747398376,
            0.7441016435623169,
            0.7967332005500793,
            0.7831215858459473,
            0.7822141647338867,
            0.8103448152542114
        ],
        "loss": [
            2.3988683223724365,
            1.1899683475494385,
            1.0692217350006104,
            0.994759202003479,
            0.9579278230667114,
            0.916379451751709,
            0.8420568704605103,
            0.8301132321357727,
            0.7842957377433777,
            0.7839472889900208,
            0.7488943934440613,
            0.710081160068512,
            0.6860309839248657,
            0.68071448802948,
            0.7326738834381104,
            0.6955634951591492,
            0.6571052670478821,
            0.632863461971283,
            0.6707231402397156,
            0.6550818085670471,
            0.6320297718048096,
            0.5829393267631531,
            0.6180617809295654,
            0.5774312615394592,
            0.5788438320159912,
            0.5511398315429688,
            0.4789603054523468,
            0.483290433883667,
            0.47188273072242737,
            0.4427148699760437
        ],
        "val_accuracy": [
            0.4873417615890503,
            0.5537974834442139,
            0.594936728477478,
            0.6044303774833679,
            0.6044303774833679,
            0.6202531456947327,
            0.6107594966888428,
            0.6107594966888428,
            0.6297468543052673,
            0.5981012582778931,
            0.6613923907279968,
            0.6518987417221069,
            0.6677215099334717,
            0.5822784900665283,
            0.6297468543052673,
            0.6392405033111572,
            0.6487341523170471,
            0.6044303774833679,
            0.6329113841056824,
            0.6613923907279968,
            0.6392405033111572,
            0.6139240264892578,
            0.655063271522522,
            0.6329113841056824,
            0.6234177350997925,
            0.655063271522522,
            0.6613923907279968,
            0.642405092716217,
            0.6582278609275818,
            0.6487341523170471
        ],
        "val_loss": [
            1.1446261405944824,
            1.0344738960266113,
            0.9372703433036804,
            0.896003246307373,
            0.8547673225402832,
            0.8397840857505798,
            0.8326051235198975,
            0.8463999032974243,
            0.8085054159164429,
            0.8425737023353577,
            0.8455256223678589,
            0.8306560516357422,
            0.7531775236129761,
            0.8908476829528809,
            0.7862979769706726,
            0.7735861539840698,
            0.7256403565406799,
            0.8482675552368164,
            0.7724941372871399,
            0.7209921479225159,
            0.8019707798957825,
            0.8373323082923889,
            0.7246969938278198,
            0.7540885210037231,
            0.7940980792045593,
            0.7533326148986816,
            0.7676898837089539,
            0.8120500445365906,
            0.7827854752540588,
            0.7932318449020386
        ],
        "learning_rate": [
            0.0010000000474974513,
            0.0010000000474974513,
            0.0010000000474974513,
            0.0010000000474974513,
            0.0010000000474974513,
            0.0010000000474974513,
            0.0010000000474974513,
            0.0010000000474974513,
            0.0010000000474974513,
            0.0010000000474974513,
            0.0010000000474974513,
            0.0010000000474974513,
            0.0010000000474974513,
            0.0010000000474974513,
            0.0010000000474974513,
            0.0010000000474974513,
            0.0010000000474974513,
            0.0010000000474974513,
            0.0010000000474974513,
            0.0010000000474974513,
            0.0010000000474974513,
            0.0010000000474974513,
            0.0010000000474974513,
            0.0010000000474974513,
            0.0010000000474974513,
            0.0005000000237487257,
            0.0005000000237487257,
            0.0005000000237487257,
            0.0005000000237487257,
            0.0005000000237487257
        ]
    },
    "evaluation_metrics": {
        "model_name": "ViT-R26-S32-medaug-fe",
        "test_accuracy": 0.7088607594936709,
        "classification_report_dict": {
            "ModerateDemented": {
                "precision": 0.8409090909090909,
                "recall": 0.9736842105263158,
                "f1-score": 0.9024390243902439,
                "support": 38
            },
            "NonDemented (2)": {
                "precision": 0.7555555555555555,
                "recall": 0.85,
                "f1-score": 0.7999999999999998,
                "support": 40
            },
            "VeryMildDemented": {
                "precision": 0.5217391304347826,
                "recall": 0.3,
                "f1-score": 0.38095238095238093,
                "support": 40
            },
            "MildDemented": {
                "precision": 0.6304347826086957,
                "recall": 0.725,
                "f1-score": 0.6744186046511628,
                "support": 40
            },
            "accuracy": 0.7088607594936709,
            "macro avg": {
                "precision": 0.6871596398770312,
                "recall": 0.712171052631579,
                "f1-score": 0.6894525024984468,
                "support": 158
            },
            "weighted avg": {
                "precision": 0.6852134442943468,
                "recall": 0.7088607594936709,
                "f1-score": 0.6867564705757659,
                "support": 158
            }
        },
        "classification_report_str": "                  precision    recall  f1-score   support\n\nModerateDemented       0.84      0.97      0.90        38\n NonDemented (2)       0.76      0.85      0.80        40\nVeryMildDemented       0.52      0.30      0.38        40\n    MildDemented       0.63      0.72      0.67        40\n\n        accuracy                           0.71       158\n       macro avg       0.69      0.71      0.69       158\n    weighted avg       0.69      0.71      0.69       158\n",
        "confusion_matrix": [
            [
                37,
                0,
                0,
                1
            ],
            [
                0,
                34,
                4,
                2
            ],
            [
                5,
                9,
                12,
                14
            ],
            [
                2,
                2,
                7,
                29
            ]
        ],
        "class_names": [
            "ModerateDemented",
            "NonDemented (2)",
            "VeryMildDemented",
            "MildDemented"
        ],
        "num_test_samples": 158,