{
    "model_name": "ViT-R26-S32-lightaug-fe",
    "training_history": {
        "accuracy": [
            0.34845733642578125,
            0.467332124710083,
            0.5245009064674377,
            0.5589836835861206,
            0.6007259488105774,
            0.6197822093963623,
            0.61524498462677,
            0.6397458910942078,
            0.6823956370353699,
            0.6578947305679321,
            0.663339376449585,
            0.6751360893249512,
            0.6978221535682678,
            0.7014518976211548,
            0.7123411893844604,
            0.7558983564376831,
            0.7477313876152039,
            0.7731397747993469,
            0.7858439087867737,
            0.7921960353851318,
            0.7921960353851318,
            0.7876588106155396,
            0.8103448152542114,
            0.819419264793396,
            0.840290367603302,
            0.8294010758399963,
            0.8430126905441284
        ],
        "loss": [
            2.1662278175354004,
            1.199739933013916,
            1.0823607444763184,
            1.0041152238845825,
            0.9072735905647278,
            0.8836725354194641,
            0.8713053464889526,
            0.819940984249115,
            0.7572531700134277,
            0.7875906825065613,
            0.779548704624176,
            0.7128607630729675,
            0.6644124984741211,
            0.6765344738960266,
            0.6877003908157349,
            0.5885125398635864,
            0.5737403035163879,
            0.5211301445960999,
            0.5154300928115845,
            0.48983532190322876,
            0.4931619167327881,
            0.4965212047100067,
            0.4392760396003723,
            0.4146353006362915,
            0.4054361581802368,
            0.4024723768234253,
            0.3898259997367859
        ],
        "val_accuracy": [
            0.5316455960273743,
            0.5379746556282043,
            0.5759493708610535,
            0.5664557218551636,
            0.6012658476829529,
            0.6170886158943176,
            0.6170886158943176,
            0.5981012582778931,
            0.6139240264892578,
            0.6234177350997925,
            0.5854430198669434,
            0.6234177350997925,
            0.6677215099334717,
            0.6170886158943176,
            0.6455696225166321,
            0.6107594966888428,
            0.6708860993385315,
            0.6392405033111572,
            0.6677215099334717,
            0.6867088675498962,
            0.6518987417221069,
            0.6740506291389465,
            0.6930379867553711,
            0.6740506291389465,
            0.6772152185440063,
            0.6740506291389465,
            0.6835442781448364
        ],
        "val_loss": [
            1.1317360401153564,
            1.0464738607406616,
            0.9283776879310608,
            0.9357979893684387,
            0.8620578646659851,
            0.8550469875335693,
            0.8154178261756897,
            0.8146452307701111,
            0.8286848664283752,
            0.7847753167152405,
            0.8395419716835022,
            0.7869664430618286,
            0.816409707069397,
            0.9385601878166199,
            0.8136444091796875,
            0.7958346605300903,
            0.739719569683075,
            0.7762330174446106,
            0.7732197046279907,
            0.7586727142333984,
            0.7815086245536804,
            0.7880852222442627,
            0.7626002430915833,
            0.7683871388435364,
            0.7754145264625549,
            0.7886897921562195,
            0.8094869256019592
        ],
        "learning_rate": [
            0.0010000000474974513,
            0.0010000000474974513,
            0.0010000000474974513,
            0.0010000000474974513,
            0.0010000000474974513,
            0.0010000000474974513,
            0.0010000000474974513,
            0.0010000000474974513,
            0.0010000000474974513,
            0.0010000000474974513,
            0.0010000000474974513,
            0.0010000000474974513,
            0.0010000000474974513,
            0.0010000000474974513,
            0.0010000000474974513,
            0.0005000000237487257,
            0.0005000000237487257,
            0.0005000000237487257,
            0.0005000000237487257,
            0.0005000000237487257,
            0.0005000000237487257,
            0.0005000000237487257,
            0.0002500000118743628,
            0.0002500000118743628,
            0.0002500000118743628,
            0.0002500000118743628,
            0.0002500000118743628
        ]
    },
    "evaluation_metrics": {
        "model_name": "ViT-R26-S32-lightaug-fe",
        "test_accuracy": 0.6962025316455697,
        "classification_report_dict": {
            "ModerateDemented": {
                "precision": 0.9459459459459459,
                "recall": 0.9210526315789473,
                "f1-score": 0.9333333333333332,
                "support": 38
            },
            "NonDemented (2)": {
                "precision": 0.7272727272727273,
                "recall": 0.8,
                "f1-score": 0.761904761904762,
                "support": 40
            },
            "VeryMildDemented": {
                "precision": 0.4411764705882353,
                "recall": 0.375,
                "f1-score": 0.4054054054054054,
                "support": 40
            },
            "MildDemented": {
                "precision": 0.6511627906976745,
                "recall": 0.7,
                "f1-score": 0.674698795180723,
                "support": 40
            },
            "accuracy": 0.6962025316455697,
            "macro avg": {
                "precision": 0.6913894836261458,
                "recall": 0.699013157894737,
                "f1-score": 0.6938355739560559,
                "support": 158
            },
            "weighted avg": {
                "precision": 0.6881672499258952,
                "recall": 0.6962025316455697,
                "f1-score": 0.6908039567487485,
                "support": 158
            }
        },
        "classification_report_str": "                  precision    recall  f1-score   support\n\nModerateDemented       0.95      0.92      0.93        38\n NonDemented (2)       0.73      0.80      0.76        40\nVeryMildDemented       0.44      0.38      0.41        40\n    MildDemented       0.65      0.70      0.67        40\n\n        accuracy                           0.70       158\n       macro avg       0.69      0.70      0.69       158\n    weighted avg       0.69      0.70      0.69       158\n",
        "confusion_matrix": [
            [
                35,
                0,
                2,
                1
            ],
            [
                0,
                32,
                7,
                1
            ],
            [
                2,
                10,
                15,
                13
            ],
            [
                0,
                2,
                10,
                28
            ]
        ],
        "class_names": [
            "ModerateDemented",
            "NonDemented (2)",
            "VeryMildDemented",
            "MildDemented"
        ],
        "num_test_samples": 158,