{
    "model_name": "ViT-B32-fe",
    "training_history": {
        "accuracy": [
            0.3756805956363678,
            0.5263158082962036,
            0.5798547863960266,
            0.6352087259292603,
            0.692377507686615,
            0.6842105388641357,
            0.728675127029419,
            0.7513611912727356,
            0.7186932563781738,
            0.7477313876152039,
            0.7731397747993469,
            0.7676951289176941,
            0.8239564299583435,
            0.8157894611358643,
            0.8294010758399963,
            0.8303085565567017,
            0.8493648171424866,
            0.8702359199523926,
            0.8620689511299133,
            0.88475501537323,
            0.8929219841957092,
            0.8820326924324036,
            0.905626118183136,
            0.9183303117752075,
            0.9201452136039734,
            0.9292196035385132,
            0.9246823787689209
        ],
        "loss": [
            1.6573846340179443,
            1.0541497468948364,
            0.9326778650283813,
            0.8544221520423889,
            0.7299023866653442,
            0.7065674662590027,
            0.6474151611328125,
            0.6035046577453613,
            0.65040522813797,
            0.5913670063018799,
            0.5591514706611633,
            0.5566889047622681,
            0.43543148040771484,
            0.4222964942455292,
            0.41443902254104614,
            0.3965292274951935,
            0.3683371841907501,
            0.3301644027233124,
            0.33849039673805237,
            0.29665449261665344,
            0.28953298926353455,
            0.3044135272502899,
            0.2471727728843689,
            0.22053906321525574,
            0.2075669765472412,
            0.19873231649398804,
            0.19420111179351807
        ],
        "val_accuracy": [
            0.5632911324501038,
            0.5791139006614685,
            0.6202531456947327,
            0.6645569801330566,
            0.6518987417221069,
            0.6645569801330566,
            0.7310126423835754,
            0.6265822649002075,
            0.6265822649002075,
            0.6898733973503113,
            0.6867088675498962,
            0.6867088675498962,
            0.7278481125831604,
            0.702531635761261,
            0.7405063509941101,
            0.753164529800415,
            0.746835470199585,
            0.7563291192054749,
            0.7246835231781006,
            0.7151898741722107,
            0.7246835231781006,
            0.7563291192054749,
            0.7341772317886353,
            0.753164529800415,
            0.7563291192054749,
            0.7436708807945251,
            0.746835470199585
        ],
        "val_loss": [
            1.001622200012207,
            0.9033442735671997,
            0.8477957248687744,
            0.7630327343940735,
            0.737569272518158,
            0.7554733157157898,
            0.6532560586929321,
            0.8659242987632751,
            0.7987254858016968,
            0.7788177728652954,
            0.7109451293945312,
            0.7388128042221069,
            0.7214148640632629,
            0.6724646687507629,
            0.6622217893600464,
            0.6856136322021484,
            0.6422046422958374,
            0.6547516584396362,
            0.64710932970047,
            0.7097640037536621,
            0.730641782283783,
            0.66727614402771,
            0.694496750831604,
            0.6637450456619263,
            0.6977748274803162,
            0.7165736556053162,
            0.7092628479003906
        ],
        "learning_rate": [
            0.0010000000474974513,
            0.0010000000474974513,
            0.0010000000474974513,
            0.0010000000474974513,
            0.0010000000474974513,
            0.0010000000474974513,
            0.0010000000474974513,
            0.0010000000474974513,
            0.0010000000474974513,
            0.0010000000474974513,
            0.0010000000474974513,
            0.0010000000474974513,
            0.0005000000237487257,
            0.0005000000237487257,
            0.0005000000237487257,
            0.0005000000237487257,
            0.0005000000237487257,
            0.0005000000237487257,
            0.0005000000237487257,
            0.0005000000237487257,
            0.0005000000237487257,
            0.0005000000237487257,
            0.0002500000118743628,
            0.0002500000118743628,
            0.0002500000118743628,
            0.0002500000118743628,
            0.0002500000118743628
        ]
    },
    "evaluation_metrics": {
        "model_name": "ViT-B32-fe",
        "test_accuracy": 0.740506329113924,
        "classification_report_dict": {
            "ModerateDemented": {
                "precision": 0.8837209302325582,
                "recall": 1.0,
                "f1-score": 0.9382716049382717,
                "support": 38
            },
            "NonDemented (2)": {
                "precision": 0.7804878048780488,
                "recall": 0.8,
                "f1-score": 0.7901234567901235,
                "support": 40
            },
            "VeryMildDemented": {
                "precision": 0.5454545454545454,
                "recall": 0.45,
                "f1-score": 0.4931506849315069,
                "support": 40
            },
            "MildDemented": {
                "precision": 0.7073170731707317,
                "recall": 0.725,
                "f1-score": 0.7160493827160495,
                "support": 40
            },
            "accuracy": 0.740506329113924,
            "macro avg": {
                "precision": 0.729245088433971,
                "recall": 0.74375,
                "f1-score": 0.7343987823439879,
                "support": 158
            },
            "weighted avg": {
                "precision": 0.7272896980314573,
                "recall": 0.740506329113924,
                "f1-score": 0.731818113703554,
                "support": 158
            }
        },
        "classification_report_str": "                  precision    recall  f1-score   support\n\nModerateDemented       0.88      1.00      0.94        38\n NonDemented (2)       0.78      0.80      0.79        40\nVeryMildDemented       0.55      0.45      0.49        40\n    MildDemented       0.71      0.72      0.72        40\n\n        accuracy                           0.74       158\n       macro avg       0.73      0.74      0.73       158\n    weighted avg       0.73      0.74      0.73       158\n",
        "confusion_matrix": [
            [
                38,
                0,
                0,
                0
            ],
            [
                1,
                32,
                5,
                2
            ],
            [
                3,
                9,
                18,
                10
            ],
            [
                1,
                0,
                10,
                29
            ]
        ],
        "class_names": [
            "ModerateDemented",
            "NonDemented (2)",
            "VeryMildDemented",
            "MildDemented"
        ],
        "num_test_samples": 158,