{
    "model_name": "ViT-B8-fe",
    "training_history": {
        "accuracy": [
            0.3611615300178528,
            0.47549909353256226,
            0.5299455523490906,
            0.5762250423431396,
            0.6179673075675964,
            0.6025408506393433,
            0.6442831158638,
            0.6760435700416565,
            0.6460980176925659,
            0.6751360893249512,
            0.6787658929824829,
            0.7186932563781738,
            0.6833030581474304,
            0.6642467975616455,
            0.6742286682128906,
            0.6760435700416565,
            0.6606170535087585,
            0.6760435700416565,
            0.7150635123252869,
            0.6896551847457886,
            0.6996369957923889,
            0.696007251739502,
            0.7313974499702454,
            0.7695099711418152,
            0.7595281600952148,
            0.742286741733551,
            0.7631579041481018,
            0.7722322940826416,
            0.7658802270889282,
            0.7794918417930603,
            0.7813067436218262,
            0.7794918417930603,
            0.8103448152542114,
            0.7958257794380188,
            0.7940108776092529,
            0.8212341070175171,
            0.8094373941421509,
            0.7949183583259583,
            0.8166969418525696,
            0.8284936547279358,
            0.8221415877342224,
            0.8148820400238037,
            0.8166969418525696,
            0.8139746189117432,
            0.8339383006095886,
            0.8303085565567017,
            0.8212341070175171,
            0.8339383006095886
        ],
        "loss": [
            2.002006769180298,
            1.184985876083374,
            1.0428532361984253,
            0.9462252855300903,
            0.8767673373222351,
            0.853472113609314,
            0.7721537351608276,
            0.7533435225486755,
            0.7691929340362549,
            0.7266919016838074,
            0.7116967439651489,
            0.675394594669342,
            0.6770778894424438,
            0.741462767124176,
            0.7331444025039673,
            0.7072142958641052,
            0.7371845841407776,
            0.7084778547286987,
            0.6522730588912964,
            0.7236523032188416,
            0.7471919655799866,
            0.7153728008270264,
            0.6247155666351318,
            0.5686523914337158,
            0.5611220002174377,
            0.5703157782554626,
            0.5596526265144348,
            0.5330139994621277,
            0.5187554955482483,
            0.49819082021713257,
            0.4754885137081146,
            0.4973313510417938,
            0.46342799067497253,
            0.47458627820014954,
            0.4726634621620178,
            0.44598284363746643,
            0.447394996881485,
            0.4557914137840271,
            0.44013845920562744,
            0.4330283999443054,
            0.423044890165329,
            0.42794275283813477,
            0.4302634000778198,
            0.4195898771286011,
            0.37813276052474976,
            0.39403489232063293,
            0.41330960392951965,
            0.3882521688938141
        ],
        "val_accuracy": [
            0.5664557218551636,
            0.5221518874168396,
            0.594936728477478,
            0.6487341523170471,
            0.6044303774833679,
            0.6708860993385315,
            0.6202531456947327,
            0.6487341523170471,
            0.6803797483444214,
            0.6455696225166321,
            0.6962025165557861,
            0.699367105960846,
            0.6930379867553711,
            0.6677215099334717,
            0.6708860993385315,
            0.699367105960846,
            0.6803797483444214,
            0.7183544039726257,
            0.655063271522522,
            0.6962025165557861,
            0.6772152185440063,
            0.7151898741722107,
            0.7215189933776855,
            0.7183544039726257,
            0.6898733973503113,
            0.7183544039726257,
            0.6835442781448364,
            0.6740506291389465,
            0.702531635761261,
            0.7278481125831604,
            0.7278481125831604,
            0.7215189933776855,
            0.7246835231781006,
            0.7151898741722107,
            0.6962025165557861,
            0.7246835231781006,
            0.7151898741722107,
            0.7278481125831604,
            0.7246835231781006,
            0.7151898741722107,
            0.7151898741722107,
            0.7436708807945251,
            0.7183544039726257,
            0.7215189933776855,
            0.7183544039726257,
            0.7183544039726257,
            0.7215189933776855,
            0.7341772317886353
        ],
        "val_loss": [
            1.075569748878479,
            1.0395771265029907,
            0.9499139189720154,
            0.8544592261314392,
            0.8985058665275574,
            0.8012338280677795,
            0.8444079756736755,
            0.8216702342033386,
            0.7234928011894226,
            0.8109192848205566,
            0.6913875341415405,
            0.7253420352935791,
            0.7361446619033813,
            0.7526692748069763,
            0.7427735924720764,
            0.6720823645591736,
            0.7463819980621338,
            0.6928109526634216,
            0.7482911944389343,
            0.7799846529960632,
            0.7963934540748596,
            0.6966179609298706,
            0.675075888633728,
            0.6708202362060547,
            0.7114559412002563,
            0.6757112741470337,
            0.7177412509918213,
            0.7218618392944336,
            0.7159551382064819,
            0.6728575825691223,
            0.6510985493659973,
            0.6793804168701172,
            0.6506568193435669,
            0.6747884750366211,
            0.7255491614341736,
            0.7000443935394287,
            0.6824432611465454,
            0.6501613259315491,
            0.6755176186561584,
            0.702896773815155,
            0.8089883327484131,
            0.6741151213645935,
            0.68177330493927,
            0.6814085245132446,
            0.717012345790863,
            0.6836411952972412,
            0.6884939670562744,
            0.7140696048736572
        ],