{
    "model_name": "ViT-b16",
    "training_history": {
        "accuracy": [
            0.35117965936660767,
            0.47549909353256226,
            0.5308529734611511,
            0.5762250423431396,
            0.6088929176330566,
            0.6107078194618225,
            0.6179673075675964,
            0.6370235681533813,
            0.6524500846862793,
            0.6451905369758606,
            0.6324864029884338,
            0.663339376449585,
            0.6642467975616455,
            0.6651542782783508,
            0.659709632396698,
            0.680580735206604,
            0.6705989241600037,
            0.6724137663841248,
            0.6642467975616455,
            0.6887477040290833,
            0.6551724076271057,
            0.6624319553375244,
            0.6578947305679321,
            0.6896551847457886,
            0.7214155793190002,
            0.7196007370948792,
            0.7313974499702454,
            0.7513611912727356,
            0.7803992629051208,
            0.7413793206214905,
            0.754083514213562,
            0.7640653252601624,
            0.7667876482009888,
            0.7967332005500793,
            0.7767695188522339,
            0.7813067436218262,
            0.8021778464317322,
            0.786751389503479,
            0.7767695188522339,
            0.7967332005500793,
            0.8067150712013245,
            0.8012704253196716,
            0.8248639106750488,
            0.8003630042076111,
            0.8185117840766907,
            0.803992748260498,
            0.8121597170829773
        ],
        "loss": [
            1.7141339778900146,
            1.17623770236969,
            1.0328737497329712,
            0.9560608863830566,
            0.9374582171440125,
            0.9044380784034729,
            0.884183943271637,
            0.8279575109481812,
            0.8204523324966431,
            0.8095318675041199,
            0.8338124752044678,
            0.7550222277641296,
            0.7766528725624084,
            0.7444425821304321,
            0.7589393258094788,
            0.7239894270896912,
            0.7124231457710266,
            0.6891262531280518,
            0.7177136540412903,
            0.7092891931533813,
            0.7374416589736938,
            0.760265588760376,
            0.760410487651825,
            0.7011508345603943,
            0.6318750977516174,
            0.6090198755264282,
            0.6319034099578857,
            0.5746492743492126,
            0.544364333152771,
            0.587591290473938,
            0.5674706697463989,
            0.5687023997306824,
            0.5586339831352234,
            0.5152431726455688,
            0.5066951513290405,
            0.5096977353096008,
            0.48610320687294006,
            0.5063457489013672,
            0.4981996417045593,
            0.4638177156448364,
            0.48037996888160706,
            0.4685918092727661,
            0.438123881816864,
            0.4656025767326355,
            0.46041011810302734,
            0.44743144512176514,
            0.4436630308628082
        ],
        "val_accuracy": [
            0.474683552980423,
            0.550632894039154,
            0.547468364238739,
            0.6012658476829529,
            0.6170886158943176,
            0.6170886158943176,
            0.607594907283783,
            0.6297468543052673,
            0.6613923907279968,
            0.6360759735107422,
            0.6613923907279968,
            0.6582278609275818,
            0.6708860993385315,
            0.6234177350997925,
            0.607594907283783,
            0.6455696225166321,
            0.6234177350997925,
            0.6582278609275818,
            0.7120253443717957,
            0.6455696225166321,
            0.6677215099334717,
            0.6677215099334717,
            0.655063271522522,
            0.6613923907279968,
            0.7056962251663208,
            0.6835442781448364,
            0.6835442781448364,
            0.699367105960846,
            0.7088607549667358,
            0.6835442781448364,
            0.699367105960846,
            0.699367105960846,
            0.7120253443717957,
            0.7088607549667358,
            0.699367105960846,
            0.702531635761261,
            0.7183544039726257,
            0.7120253443717957,
            0.6898733973503113,
            0.7183544039726257,
            0.7120253443717957,
            0.702531635761261,
            0.6867088675498962,
            0.7088607549667358,
            0.699367105960846,
            0.7088607549667358,
            0.6930379867553711
        ],
        "val_loss": [
            1.2113327980041504,
            1.0657014846801758,
            1.0076372623443604,
            0.8996996283531189,
            0.8973025679588318,
            0.8961435556411743,
            0.8812146782875061,
            0.8414457440376282,
            0.8302514553070068,
            0.8153287768363953,
            0.8089672327041626,
            0.7922629117965698,
            0.7527708411216736,
            0.8442541360855103,
            0.8700680136680603,
            0.7962074279785156,
            0.8445071578025818,
            0.729736328125,
            0.7096871137619019,
            0.8213797211647034,
            0.7712084650993347,
            0.8216052651405334,
            0.7707645893096924,
            0.7450328469276428,
            0.6860727667808533,
            0.691130518913269,
            0.7260372638702393,
            0.666195809841156,
            0.7079309225082397,
            0.7132959961891174,
            0.7353387475013733,
            0.6690889000892639,
            0.6993778347969055,
            0.6968304514884949,
            0.7095593214035034,
            0.7256422638893127,
            0.6657863855361938,
            0.6684542894363403,
            0.6905801892280579,
            0.6784592866897583,
            0.679543673992157,
            0.6793071031570435,
            0.7397521138191223,
            0.688102126121521,
            0.6789824366569519,
            0.7140845060348511,
            0.7447977066040039
        ],
        "learning_rate": [
            0.0010000000474974513,
            0.0010000000474974513,
            0.0010000000474974513,
            0.0010000000474974513,
            0.0010000000474974513,
            0.0010000000474974513,
            0.0010000000474974513,
            0.0010000000474974513,
            0.0010000000474974513,
            0.0010000000474974513,
            0.0010000000474974513,
            0.0010000000474974513,
            0.0010000000474974513,
            0.0010000000474974513,
            0.0010000000474974513,
            0.0010000000474974513,
            0.0010000000474974513,
            0.0010000000474974513,
            0.0010000000474974513,
            0.0010000000474974513,
            0.0010000000474974513,
            0.0010000000474974513,
            0.0010000000474974513,
            0.0010000000474974513,
            0.0005000000237487257,
            0.0005000000237487257,
            0.0005000000237487257,
            0.0005000000237487257,
            0.0005000000237487257,
            0.0005000000237487257,
            0.0005000000237487257,
            0.0005000000237487257,
            0.0005000000237487257,
            0.0002500000118743628,
            0.0002500000118743628,
            0.0002500000118743628,
            0.0002500000118743628,
            0.0002500000118743628,
            0.0002500000118743628,
            0.0002500000118743628,
            0.0002500000118743628,
            0.0002500000118743628,
            0.0001250000059371814,
            0.0001250000059371814,
            0.0001250000059371814,
            0.0001250000059371814,
            0.0001250000059371814
        ]
    },
    "evaluation_metrics": {
        "model_name": "ViT-b16",
        "test_accuracy": 0.7278481012658228,