{
    "model_name": "InceptionResNetV2",
    "training_history": {
        "accuracy": [
            0.32304900884628296,
            0.40018150210380554,
            0.44918331503868103,
            0.46823957562446594,
            0.4972776770591736,
            0.4954628050327301,
            0.5117967128753662,
            0.5444645881652832,
            0.5480943918228149,
            0.5535390377044678,
            0.5426497459411621,
            0.5843920111656189,
            0.5780399441719055,
            0.5716878175735474,
            0.6088929176330566,
            0.5916515588760376,
            0.6052631735801697,
            0.6070780158042908,
            0.6161524653434753,
            0.6297640800476074,
            0.6061705946922302,
            0.6197822093963623,
            0.6279491782188416,
            0.6161524653434753,
            0.6134301424026489,
            0.627041757106781,
            0.6352087259292603,
            0.630671501159668,
            0.6388384699821472,
            0.6197822093963623,
            0.6188747882843018,
            0.6225045323371887,
            0.6324864029884338,
            0.6297640800476074,
            0.6297640800476074,
            0.6297640800476074,
            0.6542649865150452,
            0.6324864029884338,
            0.6288565993309021,
            0.6261342763900757,
            0.6451905369758606,
            0.6288565993309021,
            0.647912859916687,
            0.6606170535087585,
            0.6642467975616455,
            0.6615244746208191,
            0.6578947305679321,
            0.6642467975616455,
            0.6324864029884338,
            0.6542649865150452
        ],
        "loss": [
            1.8742396831512451,
            1.5385339260101318,
            1.4340407848358154,
            1.3564780950546265,
            1.243884801864624,
            1.235252022743225,
            1.171189308166504,
            1.133852481842041,
            1.0788352489471436,
            1.0636160373687744,
            1.0801578760147095,
            0.9704278707504272,
            1.007628083229065,
            1.014678955078125,
            0.9274868369102478,
            0.9701374173164368,
            0.9266430139541626,
            0.9210920929908752,
            0.9271019101142883,
            0.9033660888671875,
            0.9469606876373291,
            0.8863797187805176,
            0.9151003360748291,
            0.9052999019622803,
            0.9040685892105103,
            0.8722276091575623,
            0.8932342529296875,
            0.8910191655158997,
            0.8735911250114441,
            0.8923912644386292,
            0.8982704281806946,
            0.9045462012290955,
            0.8501803278923035,
            0.8472486138343811,
            0.8658139109611511,
            0.8507893681526184,
            0.8405434489250183,
            0.846159815788269,
            0.8538949489593506,
            0.8470089435577393,
            0.8492138981819153,
            0.8602339625358582,
            0.8340217471122742,
            0.8114845156669617,
            0.8119818568229675,
            0.8143506646156311,
            0.8267263770103455,
            0.7959010601043701,
            0.8726850748062134,
            0.8320701718330383
        ],
        "val_accuracy": [
            0.44936707615852356,
            0.452531635761261,
            0.5284810066223145,
            0.5158227682113647,
            0.550632894039154,
            0.5696202516555786,
            0.5411392450332642,
            0.5601266026496887,
            0.5284810066223145,
            0.5443037748336792,
            0.5253164768218994,
            0.5537974834442139,
            0.503164529800415,
            0.5759493708610535,
            0.5886076092720032,
            0.5727847814559937,
            0.6107594966888428,
            0.594936728477478,
            0.607594907283783,
            0.5822784900665283,
            0.5664557218551636,
            0.6044303774833679,
            0.5917721390724182,
            0.594936728477478,
            0.5854430198669434,
            0.594936728477478,
            0.6044303774833679,
            0.5601266026496887,
            0.5759493708610535,
            0.594936728477478,
            0.5981012582778931,
            0.5981012582778931,
            0.607594907283783,
            0.5981012582778931,
            0.5981012582778931,
            0.5822784900665283,
            0.5854430198669434,
            0.594936728477478,
            0.5917721390724182,
            0.5537974834442139,
            0.6044303774833679,
            0.5822784900665283,
            0.607594907283783,
            0.607594907283783,
            0.5917721390724182,
            0.6170886158943176,
            0.6012658476829529,
            0.6170886158943176,
            0.6044303774833679,
            0.6139240264892578
        ],
        "val_loss": [
            1.1902432441711426,
            1.1738356351852417,
            1.1006077527999878,
            1.0511387586593628,
            1.027787446975708,
            1.0238978862762451,
            1.0983691215515137,
            0.9709463715553284,
            1.060741901397705,
            0.9845951795578003,
            1.0580525398254395,
            1.12473726272583,
            1.2847381830215454,
            0.9832830429077148,
            0.9646179676055908,
            0.9889531135559082,
            0.9373457431793213,
            0.9576737880706787,
            0.9345637559890747,
            0.9331042170524597,
            0.9460858702659607,
            0.9214211702346802,
            0.9612997770309448,
            1.00602388381958,
            0.9585105776786804,
            0.9454250931739807,
            0.9143206477165222,
            0.958858072757721,
            0.9228677749633789,
            0.9329394698143005,
            0.9292125701904297,
            0.9500234127044678,
            0.9325867891311646,
            0.938727855682373,
            0.9116203188896179,
            0.9339806437492371,
            0.92769455909729,
            0.935737133026123,
            0.9255860447883606,
            0.926476001739502,
            0.9104922413825989,
            0.9093849062919617,
            0.9166225790977478,
            0.9153909087181091,
            0.9120243191719055,
            0.912052571773529,
            0.9115515351295471,
            0.9077529907226562,
            0.908806324005127,
            0.9054459929466248
        ],