{
    "model_name": "InceptionV3",
    "training_history": {
        "accuracy": [
            0.3239564299583435,
            0.42831215262413025,
            0.467332124710083,
            0.5462794899940491,
            0.5263158082962036,
            0.5961887240409851,
            0.5716878175735474,
            0.6016333699226379,
            0.6116152405738831,
            0.6007259488105774,
            0.6279491782188416,
            0.6533575057983398,
            0.6397458910942078,
            0.6506351828575134,
            0.663339376449585,
            0.6442831158638,
            0.663339376449585,
            0.6606170535087585,
            0.6379310488700867,
            0.6778584122657776,
            0.6787658929824829,
            0.6705989241600037,
            0.6860253810882568,
            0.6787658929824829,
            0.6996369957923889,
            0.6896551847457886,
            0.6969146728515625,
            0.7214155793190002,
            0.7123411893844604,
            0.709618866443634,
            0.7341197729110718,
            0.7041742205619812,
            0.7041742205619812,
            0.7177858352661133,
            0.7068965435028076,
            0.7005444765090942,
            0.7168784141540527,
            0.7368420958518982,
            0.7141560912132263,
            0.7341197729110718,
            0.7105262875556946,
            0.7377495169639587,
            0.7386569976806641,
            0.7295825481414795,
            0.7332123517990112,
            0.7295825481414795,
            0.742286741733551,
            0.7404718399047852,
            0.742286741733551,
            0.7613430023193359
        ],
        "loss": [
            1.8262046575546265,
            1.4443097114562988,
            1.3015257120132446,
            1.1632047891616821,
            1.1330020427703857,
            1.0294694900512695,
            1.0187331438064575,
            0.9630884528160095,
            0.9565008878707886,
            0.9623945951461792,
            0.9056491255760193,
            0.8735226392745972,
            0.8825538754463196,
            0.8448503613471985,
            0.8667817711830139,
            0.8756176829338074,
            0.8474044799804688,
            0.8204858303070068,
            0.8492791056632996,
            0.7884674668312073,
            0.7663440108299255,
            0.7902147173881531,
            0.7859642505645752,
            0.7562593817710876,
            0.743979811668396,
            0.7907671332359314,
            0.760726809501648,
            0.6745136380195618,
            0.6857880353927612,
            0.7307987213134766,
            0.6698728799819946,
            0.735771119594574,
            0.7195558547973633,
            0.6592315435409546,
            0.7298476696014404,
            0.7145208120346069,
            0.6873065233230591,
            0.6529182195663452,
            0.7178923487663269,
            0.6645073294639587,
            0.6707214117050171,
            0.631826639175415,
            0.636207103729248,
            0.6780250072479248,
            0.645616888999939,
            0.6541024446487427,
            0.6324679255485535,
            0.6582066416740417,
            0.6380894780158997,
            0.6032658815383911
        ],
        "val_accuracy": [
            0.4778481125831604,
            0.550632894039154,
            0.48417720198631287,
            0.5379746556282043,
            0.6170886158943176,
            0.5886076092720032,
            0.6170886158943176,
            0.607594907283783,
            0.607594907283783,
            0.6170886158943176,
            0.5981012582778931,
            0.6360759735107422,
            0.5917721390724182,
            0.6455696225166321,
            0.6202531456947327,
            0.6202531456947327,
            0.6455696225166321,
            0.6044303774833679,
            0.6297468543052673,
            0.6170886158943176,
            0.6772152185440063,
            0.6360759735107422,
            0.6360759735107422,
            0.6677215099334717,
            0.655063271522522,
            0.6613923907279968,
            0.6582278609275818,
            0.6518987417221069,
            0.655063271522522,
            0.6677215099334717,
            0.6645569801330566,
            0.6329113841056824,
            0.6708860993385315,
            0.642405092716217,
            0.6740506291389465,
            0.6487341523170471,
            0.6740506291389465,
            0.6740506291389465,
            0.6645569801330566,
            0.6677215099334717,
            0.6677215099334717,
            0.6613923907279968,
            0.642405092716217,
            0.6582278609275818,
            0.6708860993385315,
            0.655063271522522,
            0.6677215099334717,
            0.6772152185440063,
            0.6708860993385315,
            0.6645569801330566
        ],
        "val_loss": [
            1.2203640937805176,
            1.0471831560134888,
            1.085381269454956,
            1.022013545036316,
            0.9421732425689697,
            0.9134824872016907,
            0.8902356028556824,
            0.9129763245582581,
            0.8807321190834045,
            0.9079703688621521,
            0.847886860370636,
            0.8687899708747864,
            0.8779215812683105,
            0.8331562280654907,
            0.8521748781204224,
            0.859890341758728,
            0.8553831577301025,
            0.9133920669555664,
            0.8218687176704407,
            0.8433153033256531,
            0.771725594997406,
            0.790003776550293,
            0.8918343186378479,
            0.7764807343482971,
            0.8352162837982178,
            0.8221150636672974,
            0.8237394690513611,
            0.7668929100036621,
            0.7585119605064392,
            0.7522174715995789,
            0.7535521388053894,
            0.7960878014564514,
            0.77513188123703,
            0.8005903959274292,
            0.7571008205413818,
            0.7962703704833984,
            0.7444698214530945,
            0.7415560483932495,
            0.7781615853309631,
            0.7675665616989136,
            0.743109941482544,
            0.7723833918571472,
            0.7648938298225403,
            0.7420116066932678,
            0.7354059815406799,
            0.7391606569290161,
            0.749699056148529,
            0.7468078136444092,
            0.7429671287536621,
            0.741595983505249
        ],