{
    "model_name": "MobileNetV2",
    "training_history": {
        "accuracy": [
            0.32304900884628296,
            0.39564427733421326,
            0.4882032573223114,
            0.5117967128753662,
            0.5544464588165283,
            0.5725952982902527,
            0.6043556928634644,
            0.6098003387451172,
            0.6179673075675964,
            0.6288565993309021,
            0.6470054388046265,
            0.6615244746208191,
            0.6687840223312378,
            0.6388384699821472,
            0.676950991153717,
            0.659709632396698,
            0.696007251739502,
            0.6842105388641357,
            0.6533575057983398,
            0.6932849287986755,
            0.6978221535682678,
            0.7059891223907471,
            0.6878402829170227,
            0.680580735206604,
            0.6978221535682678,
            0.6969146728515625,
            0.7268602252006531,
            0.7005444765090942,
            0.7105262875556946,
            0.7114337682723999,
            0.696007251739502,
            0.7205081582069397,
            0.7050816416740417,
            0.7032667994499207,
            0.7304900288581848,
            0.7159709334373474,
            0.7177858352661133,
            0.7332123517990112,
            0.7395644187927246,
            0.7259528040885925
        ],
        "loss": [
            1.642688512802124,
            1.4163939952850342,
            1.1903027296066284,
            1.1211367845535278,
            1.071762204170227,
            1.0000255107879639,
            0.9672445058822632,
            0.9573366641998291,
            0.8948493599891663,
            0.8940265774726868,
            0.8643712401390076,
            0.8419221639633179,
            0.826656699180603,
            0.8447381854057312,
            0.7823358178138733,
            0.8087968826293945,
            0.7728061079978943,
            0.7789894938468933,
            0.7998631000518799,
            0.7756534814834595,
            0.7552350759506226,
            0.7431884407997131,
            0.7698482275009155,
            0.7698982357978821,
            0.7186695337295532,
            0.7516428232192993,
            0.7333589792251587,
            0.7315171360969543,
            0.7127164602279663,
            0.706487774848938,
            0.711056649684906,
            0.7133879065513611,
            0.7103806734085083,
            0.722163736820221,
            0.6739619374275208,
            0.6962683200836182,
            0.7000114321708679,
            0.6889166831970215,
            0.6665728092193604,
            0.680241584777832
        ],
        "val_accuracy": [
            0.4430379867553711,
            0.5189873576164246,
            0.5791139006614685,
            0.5569620132446289,
            0.6202531456947327,
            0.6360759735107422,
            0.642405092716217,
            0.6708860993385315,
            0.607594907283783,
            0.6772152185440063,
            0.6360759735107422,
            0.6772152185440063,
            0.6265822649002075,
            0.702531635761261,
            0.6518987417221069,
            0.6613923907279968,
            0.655063271522522,
            0.6613923907279968,
            0.6867088675498962,
            0.6455696225166321,
            0.6962025165557861,
            0.6740506291389465,
            0.655063271522522,
            0.6930379867553711,
            0.6835442781448364,
            0.7088607549667358,
            0.7310126423835754,
            0.6708860993385315,
            0.6962025165557861,
            0.702531635761261,
            0.6835442781448364,
            0.6772152185440063,
            0.6898733973503113,
            0.702531635761261,
            0.7183544039726257,
            0.7215189933776855,
            0.6803797483444214,
            0.699367105960846,
            0.7120253443717957,
            0.7088607549667358
        ],
        "val_loss": [
            1.2094084024429321,
            1.0968375205993652,
            1.0171847343444824,
            1.0374176502227783,
            0.9463669061660767,
            0.937386155128479,
            0.8978020548820496,
            0.9023575782775879,
            0.9103341698646545,
            0.8785493969917297,
            0.8531508445739746,
            0.8408438563346863,
            0.8908454775810242,
            0.8257508277893066,
            0.8345009684562683,
            0.8332237601280212,
            0.8019466996192932,
            0.8075819611549377,
            0.7865390777587891,
            0.8570044040679932,
            0.7770709991455078,
            0.7775102257728577,
            0.8374500274658203,
            0.779795229434967,
            0.7684873342514038,
            0.7946388721466064,
            0.775738537311554,
            0.7580143809318542,
            0.7691221833229065,
            0.7409648299217224,
            0.7717633843421936,
            0.7665625810623169,
            0.7587531805038452,
            0.7646199464797974,
            0.741331160068512,
            0.7585920691490173,
            0.7576227188110352,
            0.7442708611488342,
            0.7525180578231812,
            0.7609841227531433
        ],
        "learning_rate": [
            0.0010000000474974513,
            0.0010000000474974513,
            0.0010000000474974513,
            0.0010000000474974513,
            0.0010000000474974513,
            0.0010000000474974513,
            0.0010000000474974513,
            0.0010000000474974513,
            0.0010000000474974513,
            0.0010000000474974513,
            0.0010000000474974513,
            0.0010000000474974513,
            0.0010000000474974513,
            0.0010000000474974513,
            0.0010000000474974513,
            0.0010000000474974513,
            0.0010000000474974513,
            0.0010000000474974513,
            0.0010000000474974513,
            0.0010000000474974513,
            0.0010000000474974513,
            0.0010000000474974513,
            0.0010000000474974513,
            0.0010000000474974513,
            0.0010000000474974513,
            0.0010000000474974513,
            0.0010000000474974513,
            0.0010000000474974513,
            0.0010000000474974513,
            0.0010000000474974513,
            0.0010000000474974513,
            0.0010000000474974513,
            0.0010000000474974513,
            0.0010000000474974513,
            0.0010000000474974513,
            0.0005000000237487257,
            0.0005000000237487257,
            0.0005000000237487257,
            0.0005000000237487257,
            0.0005000000237487257
        ]
    },
    "evaluation_metrics": {
        "model_name": "MobileNetV2",
        "test_accuracy": 0.7215189873417721,
        "classification_report_dict": {
            "ModerateDemented": {
                "precision": 0.8780487804878049,
                "recall": 0.9473684210526315,
                "f1-score": 0.9113924050632912,
                "support": 38
            },
            "NonDemented (2)": {
                "precision": 0.7021276595744681,
                "recall": 0.825,
                "f1-score": 0.7586206896551724,
                "support": 40
            },
            "VeryMildDemented": {
                "precision": 0.5666666666666667,
                "recall": 0.425,
                "f1-score": 0.48571428571428565,
                "support": 40
            },
            "MildDemented": {
                "precision": 0.7,
                "recall": 0.7,
                "f1-score": 0.7,
                "support": 40
            },
            "accuracy": 0.7215189873417721,
            "macro avg": {
                "precision": 0.711710776682235,
                "recall": 0.7243421052631578,
                "f1-score": 0.7139318451081873,
                "support": 158
            },