{
    "model_name": "ResNet101",
    "training_history": {
        "accuracy": [
            0.25680580735206604,
            0.2676950991153717,
            0.29401087760925293,
            0.30671507120132446,
            0.3339383006095886,
            0.3357531726360321,
            0.3221415579319,
            0.34210526943206787,
            0.3194192349910736,
            0.33484572172164917,
            0.3430126905441284,
            0.3611615300178528,
            0.354809433221817,
            0.33666062355041504,
            0.3566243052482605,
            0.3856624364852905,
            0.3656987249851227,
            0.3384754955768585,
            0.37658801674842834,
            0.3448275923728943,
            0.3847549855709076,
            0.3974591791629791,
            0.36932849884033203,
            0.3711433708667755,
            0.3820326626300812,
            0.3920145332813263,
            0.3901996314525604,
            0.37386569380760193,
            0.38656988739967346,
            0.37658801674842834,
            0.3774954676628113,
            0.387477308511734,
            0.39110708236694336,
            0.401996374130249,
            0.4056261479854584,
            0.39564427733421326,
            0.38656988739967346,
            0.4010889232158661,
            0.42105263471603394,
            0.3947368562221527,
            0.4038112461566925,
            0.40471869707107544,
            0.4038112461566925,
            0.38384756445884705,
            0.3847549855709076,
            0.3965517282485962,
            0.3983666002750397,
            0.41197821497917175,
            0.4083484709262848,
            0.42196008563041687
        ],
        "loss": [
            1.5527112483978271,
            1.4398980140686035,
            1.3955166339874268,
            1.3709444999694824,
            1.3640005588531494,
            1.3715732097625732,
            1.3626246452331543,
            1.3401505947113037,
            1.342818021774292,
            1.339469075202942,
            1.323683738708496,
            1.323822021484375,
            1.3164387941360474,
            1.3245383501052856,
            1.3147737979888916,
            1.3188778162002563,
            1.3142908811569214,
            1.3249377012252808,
            1.3130149841308594,
            1.30910062789917,
            1.3099781274795532,
            1.289319634437561,
            1.3001556396484375,
            1.301023006439209,
            1.2912453413009644,
            1.2804040908813477,
            1.276903510093689,
            1.2982014417648315,
            1.2966934442520142,
            1.290107250213623,
            1.289894938468933,
            1.2815159559249878,
            1.2870941162109375,
            1.2799595594406128,
            1.2681658267974854,
            1.2833184003829956,
            1.2803966999053955,
            1.2702699899673462,
            1.2646015882492065,
            1.2763053178787231,
            1.273388147354126,
            1.259962558746338,
            1.269412636756897,
            1.2786122560501099,
            1.2720214128494263,
            1.2772774696350098,
            1.2703766822814941,
            1.2568509578704834,
            1.263550877571106,
            1.253777265548706
        ],
        "val_accuracy": [
            0.2721518874168396,
            0.2816455662250519,
            0.3196202516555786,
            0.3037974536418915,
            0.32594937086105347,
            0.3291139304637909,
            0.37025317549705505,
            0.3196202516555786,
            0.3291139304637909,
            0.3829113841056824,
            0.34810125827789307,
            0.3386076092720032,
            0.34493669867515564,
            0.3734177350997925,
            0.3512658178806305,
            0.39240506291389465,
            0.4335443079471588,
            0.37974682450294495,
            0.3765822649002075,
            0.3512658178806305,
            0.3829113841056824,
            0.42405062913894653,
            0.37974682450294495,
            0.4113923907279968,
            0.3417721390724182,
            0.4303797483444214,
            0.4335443079471588,
            0.3829113841056824,
            0.4082278609275818,
            0.4430379867553711,
            0.4082278609275818,
            0.40189874172210693,
            0.4082278609275818,
            0.3892405033111572,
            0.3955696225166321,
            0.37025317549705505,
            0.3860759437084198,
            0.4113923907279968,
            0.3829113841056824,
            0.4082278609275818,
            0.4462025463581085,
            0.44936707615852356,
            0.4430379867553711,
            0.4208860695362091,
            0.41455695033073425,
            0.4430379867553711,
            0.452531635761261,
            0.3892405033111572,
            0.46202531456947327,
            0.4177215099334717
        ],
        "val_loss": [
            1.3723629713058472,
            1.3724647760391235,
            1.358222484588623,
            1.3443394899368286,
            1.3479026556015015,
            1.3480876684188843,
            1.3267494440078735,
            1.3389842510223389,
            1.3249826431274414,
            1.309913158416748,
            1.3146140575408936,
            1.3172030448913574,
            1.3338407278060913,
            1.3214200735092163,
            1.3041720390319824,
            1.296263575553894,
            1.2919812202453613,
            1.2888777256011963,
            1.2881118059158325,
            1.2971135377883911,
            1.2841379642486572,
            1.2787671089172363,
            1.2837984561920166,
            1.281935453414917,
            1.3033721446990967,
            1.2687088251113892,
            1.2700351476669312,
            1.2677745819091797,
            1.2779393196105957,
            1.2605199813842773,
            1.2670071125030518,
            1.2572331428527832,
            1.2548054456710815,
            1.2716153860092163,
            1.254991888999939,
            1.2920026779174805,
            1.269209384918213,
            1.2495553493499756,
            1.2630598545074463,
            1.2555853128433228,
            1.2441904544830322,
            1.250956416130066,
            1.2412934303283691,
            1.2491188049316406,
            1.2413195371627808,
            1.2368720769882202,
            1.2362765073776245,
            1.250422716140747,
            1.2462431192398071,
            1.2378685474395752
        ],