{
    "model_name": "Xception",
    "training_history": {
        "accuracy": [
            0.36479127407073975,
            0.48275861144065857,
            0.517241358757019,
            0.5789473652839661,
            0.5934664011001587,
            0.627041757106781,
            0.627041757106781,
            0.6424682140350342,
            0.6470054388046265,
            0.6361161470413208,
            0.6551724076271057,
            0.6969146728515625,
            0.6751360893249512,
            0.6787658929824829,
            0.680580735206604,
            0.6842105388641357,
            0.6978221535682678,
            0.6914700269699097,
            0.6823956370353699,
            0.7059891223907471,
            0.7186932563781738,
            0.7041742205619812,
            0.725045382976532,
            0.7150635123252869,
            0.7150635123252869,
            0.7105262875556946,
            0.7050816416740417,
            0.7196007370948792,
            0.7150635123252869,
            0.7486388087272644,
            0.7395644187927246,
            0.7468239665031433,
            0.7295825481414795,
            0.7441016435623169,
            0.725045382976532,
            0.7295825481414795,
            0.7568058371543884,
            0.7413793206214905,
            0.757713258266449,
            0.757713258266449,
            0.7631579041481018,
            0.7568058371543884,
            0.7486388087272644,
            0.7631579041481018,
            0.745916485786438,
            0.7468239665031433,
            0.7640653252601624,
            0.7558983564376831,
            0.7404718399047852,
            0.7803992629051208
        ],
        "loss": [
            1.338719129562378,
            1.1481518745422363,
            1.065075397491455,
            0.987215518951416,
            0.964069664478302,
            0.9206328988075256,
            0.9051546454429626,
            0.8729753494262695,
            0.8629589080810547,
            0.8456844091415405,
            0.8222135305404663,
            0.7896356582641602,
            0.8080548048019409,
            0.7833225727081299,
            0.7977442145347595,
            0.7676805257797241,
            0.7589850425720215,
            0.7483566999435425,
            0.7593008875846863,
            0.7150521278381348,
            0.7186054587364197,
            0.7183040976524353,
            0.7164933085441589,
            0.7355058789253235,
            0.7063343524932861,
            0.6931790113449097,
            0.7171945571899414,
            0.6827465295791626,
            0.6982606053352356,
            0.6623916029930115,
            0.6715580224990845,
            0.6606148481369019,
            0.672933042049408,
            0.6574268937110901,
            0.688523530960083,
            0.661393404006958,
            0.6423782110214233,
            0.6651924848556519,
            0.6224657893180847,
            0.6326724290847778,
            0.6243353486061096,
            0.6324130892753601,
            0.6323513388633728,
            0.615485668182373,
            0.6328582763671875,
            0.636926531791687,
            0.6191590428352356,
            0.628589391708374,
            0.6499316096305847,
            0.5973595976829529
        ],
        "val_accuracy": [
            0.5284810066223145,
            0.5854430198669434,
            0.6360759735107422,
            0.5791139006614685,
            0.6234177350997925,
            0.6360759735107422,
            0.642405092716217,
            0.6518987417221069,
            0.6487341523170471,
            0.6582278609275818,
            0.6708860993385315,
            0.6677215099334717,
            0.6139240264892578,
            0.6803797483444214,
            0.655063271522522,
            0.6645569801330566,
            0.6898733973503113,
            0.6772152185440063,
            0.6772152185440063,
            0.6613923907279968,
            0.6962025165557861,
            0.6708860993385315,
            0.6392405033111572,
            0.6645569801330566,
            0.6740506291389465,
            0.6867088675498962,
            0.6930379867553711,
            0.702531635761261,
            0.7056962251663208,
            0.699367105960846,
            0.6930379867553711,
            0.7056962251663208,
            0.699367105960846,
            0.6772152185440063,
            0.702531635761261,
            0.7056962251663208,
            0.702531635761261,
            0.6867088675498962,
            0.7088607549667358,
            0.699367105960846,
            0.7120253443717957,
            0.7056962251663208,
            0.702531635761261,
            0.7151898741722107,
            0.7120253443717957,
            0.702531635761261,
            0.7151898741722107,
            0.699367105960846,
            0.7088607549667358,
            0.699367105960846
        ],
        "val_loss": [
            1.1604255437850952,
            1.0731717348098755,
            1.0257008075714111,
            1.0119086503982544,
            0.9573220610618591,
            0.9510901570320129,
            0.9215770959854126,
            0.9214410185813904,
            0.905529260635376,
            0.9007453322410583,
            0.8819807171821594,
            0.8773972988128662,
            0.9091723561286926,
            0.8552076816558838,
            0.8503595590591431,
            0.8561225533485413,
            0.8354596495628357,
            0.8426982760429382,
            0.8329944610595703,
            0.8538820147514343,
            0.8231573700904846,
            0.8256816864013672,
            0.8598388433456421,
            0.8303356766700745,
            0.8100287914276123,
            0.8282070159912109,
            0.8040875792503357,
            0.8017739653587341,
            0.8009985089302063,
            0.7919183373451233,
            0.8036983013153076,
            0.7945074439048767,
            0.7865014672279358,
            0.7947799563407898,
            0.7884780168533325,
            0.796858549118042,
            0.7923805713653564,
            0.7928916215896606,
            0.7772790789604187,
            0.7860269546508789,
            0.7783222198486328,
            0.7815813422203064,
            0.780530571937561,
            0.775962233543396,
            0.7692147493362427,
            0.772128164768219,
            0.7736742496490479,
            0.7683432102203369,
            0.7729645371437073,
            0.773138165473938
        ],