{
  "model_name": "EffAxNetV1",
  "training_history": {
    "accuracy": [0.733235776424408, 0.753883481025696, 0.762615382671356, 0.76668381690979, 0.769626617431641, 0.771363317966461, 0.773003578186035, 0.776010692119598, 0.775769472122192, 0.779500186443329, 0.780384659767151, 0.780143439769745, 0.783761620521545, 0.783520400524139, 0.785176753997803, 0.785803854465485, 0.783745527267456, 0.788344621658325, 0.79009747505188, 0.789422035217285, 0.79210752248764, 0.794487476348877, 0.791351735591888, 0.794149816036224, 0.795130729675293, 0.797124743461609, 0.80006754398346, 0.801611304283142, 0.804650545120239, 0.804650545120239, 0.806950092315674, 0.805325984954834, 0.806162178516388, 0.806435525417328, 0.809442639350891, 0.808606445789337, 0.809410452842712, 0.809699952602387, 0.810970306396484, 0.813157320022583, 0.812321126461029, 0.814942240715027, 0.816357374191284, 0.81433117389679, 0.818222761154175, 0.817338287830353, 0.81524783372879, 0.817402601242065, 0.82266104221344, 0.823545515537262, 0.822580635547638, 0.825684249401093, 0.824751555919647, 0.824848055839539, 0.825346529483795, 0.828305423259735],
    "loss": [0.0832793191075325, 0.0685814768075943, 0.0647644326090813, 0.0631036460399628, 0.0607932023704052, 0.0602959804236889, 0.0591427125036716, 0.0589262880384922, 0.057202722877264, 0.0563388280570507, 0.0556651577353478, 0.0549879260361195, 0.054875586181879, 0.0540547035634518, 0.0531235225498676, 0.0512639693915844, 0.0521365404129028, 0.0512686967849731, 0.0497932583093643, 0.0495625399053097, 0.0497245714068413, 0.0482885539531708, 0.0491628833115101, 0.0478044152259827, 0.0473900325596333, 0.0465696416795254, 0.0452635511755943, 0.0448962971568108, 0.0441804379224777, 0.0436878465116024, 0.0435273833572865, 0.0433353185653687, 0.0429633855819702, 0.0424823798239231, 0.041990052908659, 0.0423100627958775, 0.0424739755690098, 0.041438665241003, 0.0421290621161461, 0.0408912152051926, 0.040536243468523, 0.0411204993724823, 0.0409124195575714, 0.0396629646420479, 0.0401728376746178, 0.0398820340633392, 0.0405677482485771, 0.0394964255392551, 0.0382380485534668, 0.0375687703490257, 0.0379987582564354, 0.0375236123800278, 0.0370904915034771, 0.0373292341828346, 0.0375160239636898, 0.0364343784749508],
    "val_accuracy": [0.770139873027802, 0.7746422290802, 0.760090053081513, 0.772471487522125, 0.689419507980347, 0.778018951416016, 0.771345853805542, 0.785496056079865, 0.778822958469391, 0.794581115245819, 0.733558475971222, 0.779626965522766, 0.791606366634369, 0.776732563972473, 0.772391080856323, 0.778018951416016, 0.782682120800018, 0.794902741909027, 0.801254212856293, 0.794500708580017, 0.79401832818985, 0.79996782541275, 0.787827610969544, 0.785335242748261, 0.802701413631439, 0.781797707080841, 0.804228961467743, 0.788712024688721, 0.806158542633057, 0.809294104576111, 0.810660898685455, 0.813876807689667, 0.811062872409821, 0.789515972137451, 0.818137943744659, 0.810660898685455, 0.810741305351257, 0.809133291244507, 0.814520001411438, 0.817816376686096, 0.823765873908997, 0.81162565946579, 0.821916699409485, 0.816690802574158, 0.823685467243195, 0.807203710079193, 0.807444930076599, 0.80390739440918, 0.8193439245224, 0.82111269235611, 0.817253589630127, 0.816690802574158, 0.818218350410461, 0.818057537078857, 0.81677120923996, 0.823685467243195],
    "val_loss": [0.0631122589111328, 0.05988809466362, 0.0553441978991032, 0.0530916713178158, 0.073393851518631, 0.0516845285892487, 0.0522936880588532, 0.0490808449685574, 0.0496435798704624, 0.0506127960979939, 0.0745228007435799, 0.0499990694224834, 0.0481539331376553, 0.0523993782699108, 0.0533928163349628, 0.0529002994298935, 0.0515763610601425, 0.0452996268868446, 0.0431170873343945, 0.0455946177244186, 0.0465292893350124, 0.0451850257813931, 0.0496289618313313, 0.0489952825009823, 0.0433136522769928, 0.0492109172046185, 0.0419688671827316, 0.0472388900816441, 0.0424076057970524, 0.0415298268198967, 0.0423408895730972, 0.0409496799111366, 0.041901670396328, 0.0494074374437332, 0.0391067005693913, 0.0417969822883606, 0.0407621152698994, 0.041111946105957, 0.0399897247552872, 0.0377848409116268, 0.0362727530300617, 0.0417566820979118, 0.0379176177084446, 0.0387324877083302, 0.0387686267495155, 0.0411192700266838, 0.0420262478291988, 0.0434683822095394, 0.0375151559710503, 0.0370866023004055, 0.0389086231589317, 0.0386786870658398, 0.0383773483335972, 0.0387500412762165, 0.0405265912413597, 0.0368447117507458],
    "learning_rate": [0.000099999997473787, 0.000099999997473787, 0.000099999997473787, 0.000099999997473787, 0.000099999997473787, 0.000099999997473787, 0.000099999997473787, 0.000099999997473787, 0.000099999997473787, 0.000099999997473787, 0.000099999997473787, 0.000099999997473787, 0.000099999997473787, 0.000099999997473787, 0.000099999997473787, 0.000099999997473787, 0.000099999997473787, 0.000099999997473787, 0.000099999997473787, 0.000099999997473787, 0.000099999997473787, 0.000099999997473787, 0.000099999997473787, 0.000099999997473787, 0.000099999997473787, 0.000099999997473787, 0.000049999998736893, 0.000049999998736893, 0.000049999998736893, 0.000049999998736893, 0.000049999998736893, 0.000049999998736893, 0.000049999998736893, 0.000049999998736893, 0.000049999998736893, 0.000049999998736893, 0.000049999998736893, 0.000049999998736893, 0.000049999998736893, 0.000049999998736893, 0.000049999998736893, 0.000049999998736893, 0.000049999998736893, 0.000049999998736893, 0.000049999998736893, 0.000049999998736893, 0.000049999998736893, 0.000049999998736893, 0.000024999999368446, 0.000024999999368446, 0.000024999999368446, 0.000024999999368446, 0.000024999999368446, 0.000024999999368446, 0.000024999999368446, 0.000012499999684223]
  },
  "evaluation_metrics": {
    "model_name": "EffAxNetV1",
    "test_accuracy": 0.821876507477086,
    "classification_report_dict": {
      "MildDemented": {
        "precision": 0.549323017408124,
        "recall": 0.548262548262548,
        "f1-score": 0.548792270531401,
        "support": 518
      },
      "ModerateDemented": {
        "precision": 0.653061224489796,
        "recall": 0.842105263157895,
        "f1-score": 0.735632183908046,
        "support": 38
      },
      "NonDemented (2)": {
        "precision": 0.88566270497969,
        "recall": 0.926211453744493,
        "f1-score": 0.905483349996155,
        "support": 6356
      },
      "VeryMildDemented": {
        "precision": 0.567191844300278,
        "recall": 0.443478260869565,
        "f1-score": 0.497763318422123,
        "support": 1380
      },
      "accuracy": 0.821876507477086,
      "macro avg": {
        "precision": 0.663809697794472,
        "recall": 0.690014381508625,
        "f1-score": 0.671917780714431,
        "support": 8292
      },
      "weighted avg": {
        "precision": 0.810584002355682,
        "recall": 0.821876507477086,
        "f1-score": 0.814567531490818,
        "support": 8292
      }
    },
    "confusion_matrix": [
      [284, 10, 108, 116],
      [3, 32, 1, 2],
      [119, 1, 5887, 349],
      [111, 6, 651, 612]
    ],
    "class_names": [
      "MildDemented",
      "ModerateDemented",
      "NonDemented (2)",
      "VeryMildDemented"
    ],
    "num_test_samples": 8292,
    "prediction_confidence_mean": 0.724588990211487,
    "prediction_confidence_std": 0.225174650549889,
    "per_class_samples": {
      "MildDemented": 518,
      "ModerateDemented": 38,
      "NonDemented (2)": 6356,
      "VeryMildDemented": 1380
    },
    "per_class_accuracy": {
      "MildDemented": 0.548262548262548,
      "ModerateDemented": 0.842105263157895,
      "NonDemented (2)": 0.926211453744493,
      "VeryMildDemented": 0.443478260869565
    }
  },
  "training_info": {
    "total_epochs": 56,
    "best_val_accuracy": 0.823765873908997,
    "best_val_loss": 0.0362727530300617,
    "final_train_accuracy": 0.828305423259735,
    "final_train_loss": 0.0364343784749508
  }
}