{
    "model_name": "ViT-S16-fe",
    "training_history": {
        "accuracy": [
            0.354809433221817,
            0.5254083275794983,
            0.5580762028694153,
            0.6188747882843018,
            0.6569873094558716,
            0.659709632396698,
            0.7078039646148682,
            0.7186932563781738,
            0.7268602252006531,
            0.7323048710823059,
            0.7377495169639587,
            0.7840290665626526,
            0.7803992629051208,
            0.7740471959114075,
            0.7849364876747131,
            0.7985481023788452,
            0.8003630042076111,
            0.8139746189117432,
            0.8294010758399963,
            0.8166969418525696,
            0.8284936547279358,
            0.8411978483200073,
            0.8393829464912415,
            0.8711434006690979,
            0.8920145034790039,
            0.9001814723014832,
            0.9246823787689209,
            0.9246823787689209
        ],
        "loss": [
            1.7584017515182495,
            1.1063765287399292,
            0.9892787337303162,
            0.8927531242370605,
            0.8163866996765137,
            0.7651245594024658,
            0.6882448196411133,
            0.6784068942070007,
            0.6458500027656555,
            0.6186989545822144,
            0.5962463617324829,
            0.5275456309318542,
            0.5054847598075867,
            0.5439247488975525,
            0.4943135380744934,
            0.4719519019126892,
            0.47505611181259155,
            0.42957648634910583,
            0.3922886252403259,
            0.45180273056030273,
            0.3957093358039856,
            0.3792813718318939,
            0.3802332580089569,
            0.3063895106315613,
            0.25897520780563354,
            0.24876348674297333,
            0.21927906572818756,
            0.19212625920772552
        ],
        "val_accuracy": [
            0.5221518874168396,
            0.6044303774833679,
            0.5791139006614685,
            0.5886076092720032,
            0.6360759735107422,
            0.6740506291389465,
            0.655063271522522,
            0.6044303774833679,
            0.6518987417221069,
            0.6898733973503113,
            0.6772152185440063,
            0.6962025165557861,
            0.6930379867553711,
            0.7183544039726257,
            0.702531635761261,
            0.6867088675498962,
            0.7215189933776855,
            0.7341772317886353,
            0.7215189933776855,
            0.6582278609275818,
            0.7120253443717957,
            0.6930379867553711,
            0.699367105960846,
            0.7088607549667358,
            0.7215189933776855,
            0.7373417615890503,
            0.7246835231781006,
            0.7310126423835754
        ],
        "val_loss": [
            1.0963057279586792,
            0.950637936592102,
            0.972971498966217,
            0.8741413354873657,
            0.7997280359268188,
            0.7670274376869202,
            0.7768921852111816,
            0.8267225623130798,
            0.7756562829017639,
            0.7154008150100708,
            0.7544053196907043,
            0.7139542698860168,
            0.7263944149017334,
            0.6999383568763733,
            0.6884297728538513,
            0.7078140377998352,
            0.6915161609649658,
            0.6838300228118896,
            0.7382358908653259,
            0.8224713206291199,
            0.7693207859992981,
            0.7948086261749268,
            0.7237213253974915,
            0.7890786528587341,
            0.7882216572761536,
            0.7705782651901245,
            0.7355256080627441,
            0.7840030789375305
        ],
        "learning_rate": [
            0.0010000000474974513,
            0.0010000000474974513,
            0.0010000000474974513,
            0.0010000000474974513,
            0.0010000000474974513,
            0.0010000000474974513,
            0.0010000000474974513,
            0.0010000000474974513,
            0.0010000000474974513,
            0.0010000000474974513,
            0.0010000000474974513,
            0.0010000000474974513,
            0.0010000000474974513,
            0.0010000000474974513,
            0.0010000000474974513,
            0.0010000000474974513,
            0.0010000000474974513,
            0.0010000000474974513,
            0.0010000000474974513,
            0.0010000000474974513,
            0.0010000000474974513,
            0.0010000000474974513,
            0.0010000000474974513,
            0.0005000000237487257,
            0.0005000000237487257,
            0.0005000000237487257,
            0.0005000000237487257,
            0.0005000000237487257
        ]
    },
    "evaluation_metrics": {
        "model_name": "ViT-S16-fe",
        "test_accuracy": 0.740506329113924,
        "classification_report_dict": {
            "ModerateDemented": {
                "precision": 0.8636363636363636,
                "recall": 1.0,
                "f1-score": 0.9268292682926829,
                "support": 38
            },
            "NonDemented (2)": {
                "precision": 0.7674418604651163,
                "recall": 0.825,
                "f1-score": 0.7951807228915662,
                "support": 40
            },
            "VeryMildDemented": {
                "precision": 0.5277777777777778,
                "recall": 0.475,
                "f1-score": 0.5,
                "support": 40
            },
            "MildDemented": {
                "precision": 0.7714285714285715,
                "recall": 0.675,
                "f1-score": 0.72,
                "support": 40
            },
            "accuracy": 0.740506329113924,
            "macro avg": {
                "precision": 0.7325711433269573,
                "recall": 0.7437499999999999,
                "f1-score": 0.7355024977960622,
                "support": 158
            },
            "weighted avg": {
                "precision": 0.7309120899053193,
                "recall": 0.740506329113924,
                "f1-score": 0.7330806399416746,
                "support": 158
            }
        },
        "classification_report_str": "                  precision    recall  f1-score   support\n\nModerateDemented       0.86      1.00      0.93        38\n NonDemented (2)       0.77      0.82      0.80        40\nVeryMildDemented       0.53      0.47      0.50        40\n    MildDemented       0.77      0.68      0.72        40\n\n        accuracy                           0.74       158\n       macro avg       0.73      0.74      0.74       158\n    weighted avg       0.73      0.74      0.73       158\n",
        "confusion_matrix": [
            [
                38,
                0,
                0,
                0
            ],
            [
                0,
                33,
                7,
                0
            ],
            [
                4,
                9,
                19,
                8
            ],
            [
                2,
                1,
                10,
                27
            ]
        ],
        "class_names": [
            "ModerateDemented",
            "NonDemented (2)",
            "VeryMildDemented",
            "MildDemented"
        ],
        "num_test_samples": 158,