{
    "model_name": "ViT-L16-fe",
    "training_history": {
        "accuracy": [
            0.37386569380760193,
            0.5190562605857849,
            0.5399274230003357,
            0.5843920111656189,
            0.5925589799880981,
            0.6379310488700867,
            0.6406533718109131,
            0.6642467975616455,
            0.6869328618049622,
            0.7159709334373474,
            0.7041742205619812,
            0.728675127029419,
            0.7114337682723999,
            0.6941923499107361,
            0.7259528040885925,
            0.7068965435028076,
            0.7078039646148682,
            0.7123411893844604,
            0.713248610496521,
            0.7323048710823059,
            0.7332123517990112,
            0.745916485786438,
            0.7313974499702454,
            0.745916485786438,
            0.745916485786438,
            0.745916485786438,
            0.7522686123847961,
            0.7468239665031433,
            0.7686025500297546,
            0.7477313876152039,
            0.7549909353256226,
            0.7558983564376831,
            0.7912885546684265,
            0.7931034564971924,
            0.823049008846283,
            0.8139746189117432
        ],
        "loss": [
            2.2561051845550537,
            1.0918776988983154,
            1.0298540592193604,
            0.9168418645858765,
            0.8516526818275452,
            0.8084216117858887,
            0.7985338568687439,
            0.7695056200027466,
            0.6961838006973267,
            0.6477957367897034,
            0.6783511638641357,
            0.6343517899513245,
            0.6762954592704773,
            0.675107479095459,
            0.6017872095108032,
            0.6251116394996643,
            0.6668986082077026,
            0.6369885206222534,
            0.6288485527038574,
            0.5981044173240662,
            0.5870321989059448,
            0.5596471428871155,
            0.5628489851951599,
            0.561565101146698,
            0.5261562466621399,
            0.5511634945869446,
            0.5618171095848083,
            0.5602766871452332,
            0.5326734185218811,
            0.537760317325592,
            0.5505689382553101,
            0.5221574306488037,
            0.4833216071128845,
            0.44354385137557983,
            0.4053138792514801,
            0.4224225878715515
        ],
        "val_accuracy": [
            0.452531635761261,
            0.503164529800415,
            0.6392405033111572,
            0.6930379867553711,
            0.6740506291389465,
            0.6772152185440063,
            0.6645569801330566,
            0.6898733973503113,
            0.6835442781448364,
            0.6518987417221069,
            0.702531635761261,
            0.7183544039726257,
            0.6803797483444214,
            0.7310126423835754,
            0.7563291192054749,
            0.7120253443717957,
            0.7215189933776855,
            0.6772152185440063,
            0.7278481125831604,
            0.75,
            0.7310126423835754,
            0.75,
            0.7183544039726257,
            0.7278481125831604,
            0.75,
            0.7626582384109497,
            0.7405063509941101,
            0.7721518874168396,
            0.746835470199585,
            0.7246835231781006,
            0.7215189933776855,
            0.7626582384109497,
            0.7626582384109497,
            0.7373417615890503,
            0.7721518874168396,
            0.75
        ],
        "val_loss": [
            1.1367530822753906,
            1.014129877090454,
            0.8823650479316711,
            0.820692241191864,
            0.7692526578903198,
            0.7343289256095886,
            0.6894565224647522,
            0.6777360439300537,
            0.7001893520355225,
            0.8250229954719543,
            0.7045127749443054,
            0.6549639701843262,
            0.7080055475234985,
            0.6348028779029846,
            0.5927611589431763,
            0.6677049994468689,
            0.6796733736991882,
            0.6904575228691101,
            0.6288899183273315,
            0.5925120115280151,
            0.6894243955612183,
            0.6235157251358032,
            0.6501898765563965,
            0.6196509599685669,
            0.5899466872215271,
            0.569421112537384,
            0.6199398040771484,
            0.581206738948822,
            0.6166460514068604,
            0.6549872159957886,
            0.6473071575164795,
            0.5981748104095459,
            0.6065266132354736,
            0.6093653440475464,
            0.5994579195976257,
            0.6164787411689758
        ],
        "learning_rate": [
            0.0010000000474974513,
            0.0010000000474974513,
            0.0010000000474974513,
            0.0010000000474974513,
            0.0010000000474974513,
            0.0010000000474974513,
            0.0010000000474974513,
            0.0010000000474974513,
            0.0010000000474974513,
            0.0010000000474974513,
            0.0010000000474974513,
            0.0010000000474974513,
            0.0010000000474974513,
            0.0010000000474974513,
            0.0010000000474974513,
            0.0010000000474974513,
            0.0010000000474974513,
            0.0010000000474974513,
            0.0010000000474974513,
            0.0010000000474974513,
            0.0010000000474974513,
            0.0010000000474974513,
            0.0010000000474974513,
            0.0010000000474974513,
            0.0010000000474974513,
            0.0010000000474974513,
            0.0010000000474974513,
            0.0010000000474974513,
            0.0010000000474974513,
            0.0010000000474974513,
            0.0010000000474974513,
            0.0005000000237487257,
            0.0005000000237487257,
            0.0005000000237487257,
            0.0005000000237487257,
            0.0005000000237487257
        ]
    },
    "evaluation_metrics": {
        "model_name": "ViT-L16-fe",
        "test_accuracy": 0.7468354430379747,
        "classification_report_dict": {
            "ModerateDemented": {
                "precision": 0.972972972972973,
                "recall": 0.9473684210526315,
                "f1-score": 0.9599999999999999,
                "support": 38
            },
            "NonDemented (2)": {
                "precision": 0.90625,
                "recall": 0.725,
                "f1-score": 0.8055555555555555,
                "support": 40
            },
            "VeryMildDemented": {
                "precision": 0.5238095238095238,
                "recall": 0.55,
                "f1-score": 0.5365853658536585,
                "support": 40
            },
            "MildDemented": {
                "precision": 0.6595744680851063,
                "recall": 0.775,
                "f1-score": 0.7126436781609196,
                "support": 40
            },
            "accuracy": 0.7468354430379747,
            "macro avg": {
                "precision": 0.7656517412169008,
                "recall": 0.7493421052631578,
                "f1-score": 0.7536961498925334,
                "support": 158
            },
            "weighted avg": {
                "precision": 0.7630274218275833,
                "recall": 0.7468354430379747,
                "f1-score": 0.7510847087519326,
                "support": 158
            }
        },