{
    "model_name": "ViT-B16-fe",
    "training_history": {
        "accuracy": [
            0.3684210479259491,
            0.5045372247695923,
            0.6116152405738831,
            0.6170598864555359,
            0.6560798287391663,
            0.6742286682128906,
            0.7277677059173584,
            0.6978221535682678,
            0.7232304811477661,
            0.7205081582069397,
            0.7468239665031433,
            0.7368420958518982,
            0.7504537105560303,
            0.7477313876152039,
            0.7468239665031433,
            0.7568058371543884,
            0.7803992629051208,
            0.7613430023193359,
            0.7695099711418152,
            0.7767695188522339,
            0.8393829464912415,
            0.8139746189117432,
            0.8284936547279358,
            0.8248639106750488,
            0.8393829464912415,
            0.840290367603302,
            0.8529945611953735,
            0.8484573364257812,
            0.8666061758995056,
            0.8584392070770264,
            0.8548094630241394,
            0.8756805658340454,
            0.8548094630241394,
            0.88475501537323,
            0.8865698575973511,
            0.8947368264198303,
            0.8956443071365356,
            0.8820326924324036
        ],
        "loss": [
            1.629993200302124,
            1.0948415994644165,
            0.9148585796356201,
            0.8846875429153442,
            0.7600911259651184,
            0.7356724739074707,
            0.6645988821983337,
            0.7190594673156738,
            0.6299810409545898,
            0.620822548866272,
            0.6092303991317749,
            0.5934862494468689,
            0.5932818055152893,
            0.5623239874839783,
            0.5644218325614929,
            0.574735164642334,
            0.5206568241119385,
            0.5478953719139099,
            0.5764221549034119,
            0.4925459623336792,
            0.41126367449760437,
            0.4240984618663788,
            0.40234601497650146,
            0.4357737898826599,
            0.39322423934936523,
            0.3787617087364197,
            0.3682548999786377,
            0.3569696247577667,
            0.3361485004425049,
            0.35406920313835144,
            0.3345485329627991,
            0.3322170078754425,
            0.340659499168396,
            0.2803294062614441,
            0.2772917151451111,
            0.25588226318359375,
            0.2632899880409241,
            0.2745824158191681
        ],
        "val_accuracy": [
            0.5189873576164246,
            0.5917721390724182,
            0.6645569801330566,
            0.6803797483444214,
            0.6329113841056824,
            0.6962025165557861,
            0.6867088675498962,
            0.7310126423835754,
            0.7436708807945251,
            0.7183544039726257,
            0.7183544039726257,
            0.7120253443717957,
            0.7310126423835754,
            0.7405063509941101,
            0.6898733973503113,
            0.699367105960846,
            0.6772152185440063,
            0.6930379867553711,
            0.6518987417221069,
            0.7341772317886353,
            0.7373417615890503,
            0.7056962251663208,
            0.7151898741722107,
            0.7436708807945251,
            0.7310126423835754,
            0.753164529800415,
            0.7215189933776855,
            0.753164529800415,
            0.7594936490058899,
            0.746835470199585,
            0.7436708807945251,
            0.7594936490058899,
            0.7278481125831604,
            0.7436708807945251,
            0.7594936490058899,
            0.75,
            0.7341772317886353,
            0.753164529800415
        ],
        "val_loss": [
            1.0915356874465942,
            0.9603554606437683,
            0.8024687767028809,
            0.7879802584648132,
            0.8064697980880737,
            0.7067689299583435,
            0.7130863070487976,
            0.6496707797050476,
            0.6345595121383667,
            0.6648702621459961,
            0.6457542181015015,
            0.6241350769996643,
            0.6529330611228943,
            0.6079544425010681,
            0.7198483943939209,
            0.6165439486503601,
            0.6593298316001892,
            0.6872568726539612,
            0.8396725058555603,
            0.5791187286376953,
            0.5931389927864075,
            0.6620987057685852,
            0.6146883964538574,
            0.5745314359664917,
            0.5860179662704468,
            0.6189365386962891,
            0.6165732145309448,
            0.5643066167831421,
            0.5947339534759521,
            0.585923433303833,
            0.6055305004119873,
            0.5905158519744873,
            0.6501712203025818,
            0.6312736868858337,
            0.6073144674301147,
            0.6266698241233826,
            0.6721137166023254,
            0.597165584564209
        ],
        "learning_rate": [
            0.0010000000474974513,
            0.0010000000474974513,
            0.0010000000474974513,
            0.0010000000474974513,
            0.0010000000474974513,
            0.0010000000474974513,
            0.0010000000474974513,
            0.0010000000474974513,
            0.0010000000474974513,
            0.0010000000474974513,
            0.0010000000474974513,
            0.0010000000474974513,
            0.0010000000474974513,
            0.0010000000474974513,
            0.0010000000474974513,
            0.0010000000474974513,
            0.0010000000474974513,
            0.0010000000474974513,
            0.0010000000474974513,
            0.0005000000237487257,
            0.0005000000237487257,
            0.0005000000237487257,
            0.0005000000237487257,
            0.0005000000237487257,
            0.0005000000237487257,
            0.0005000000237487257,
            0.0005000000237487257,
            0.0005000000237487257,
            0.0005000000237487257,
            0.0005000000237487257,
            0.0005000000237487257,
            0.0005000000237487257,
            0.0005000000237487257,
            0.0002500000118743628,
            0.0002500000118743628,
            0.0002500000118743628,
            0.0002500000118743628,
            0.0002500000118743628
        ]
    },
    "evaluation_metrics": {
        "model_name": "ViT-B16-fe",
        "test_accuracy": 0.740506329113924,
        "classification_report_dict": {
            "ModerateDemented": {
                "precision": 0.8809523809523809,
                "recall": 0.9736842105263158,
                "f1-score": 0.925,
                "support": 38
            },
            "NonDemented (2)": {
                "precision": 0.8611111111111112,
                "recall": 0.775,
                "f1-score": 0.8157894736842106,
                "support": 40
            },
            "VeryMildDemented": {
                "precision": 0.5294117647058824,
                "recall": 0.45,
                "f1-score": 0.48648648648648646,
                "support": 40
            },
            "MildDemented": {
                "precision": 0.6739130434782609,
                "recall": 0.775,
                "f1-score": 0.7209302325581396,
                "support": 40
            },
            "accuracy": 0.740506329113924,
            "macro avg": {
                "precision": 0.7363470750619088,
                "recall": 0.743421052631579,
                "f1-score": 0.7370515481822092,
                "support": 158
            },
            "weighted avg": {
                "precision": 0.7345166281519028,
                "recall": 0.740506329113924,
                "f1-score": 0.7346724538554016,
                "support": 158
            }
        },